Title,open,high,low,close,volume,date,overall_sentiment_score
App Store developers generated $1.1 trillion in total billings and sales in the App Store ecosystem in 2022,177.325,179.35,176.76,177.25,99313268,2023-05-31,0.314573
"Apple Leverages Tmall, China's Hottest Live Shopping Event for a Chinese Comeback - Alibaba Group Holding  ( NYSE:BABA ) , Apple  ( NASDAQ:AAPL ) ",177.325,179.35,176.76,177.25,99313268,2023-05-31,0.253635
We're adding to our position in this beverage retailer on a 15% pullback,177.325,179.35,176.76,177.25,99313268,2023-05-31,0.157888
"Apple At WWDC: Expect Next Big-Product Details, Especially When It Comes To AI, Analyst Says - Microsoft  ( NASDAQ:MSFT ) , Alphabet  ( NASDAQ:GOOG ) , Alphabet  ( NASDAQ:GOOGL ) , Meta Platforms  ( NASDAQ:META ) , Apple  ( NASDAQ:AAPL ) ",177.325,179.35,176.76,177.25,99313268,2023-05-31,0.156267
Jim Cramer's top 10 things to watch in the stock market Wednesday,177.325,179.35,176.76,177.25,99313268,2023-05-31,0.081571
"June Outlook: Bumps Possible Ahead As Market Eyes Debt Ceiling Debate, FOMC Meeting",177.325,179.35,176.76,177.25,99313268,2023-05-31,-0.0653
"Top Stories Wednesday, May 31: Twitter Algorithm Changes Show Disturbing Impact, Uber One's Subscription Changes, More Layoffs at Goldman Sachs - NVIDIA  ( NASDAQ:NVDA ) , Apple  ( NASDAQ:AAPL ) , Hon Hai Precision  ( OTC:HNHPF ) , Baidu  ( NASDAQ:BIDU ) , Prudential  ( NYSE:PUK ) , UBS Gr  ( NYSE:UBS ) , HP  ( NYSE:HPQ ) , Goldman Sachs Gr  ( NYSE:GS ) , Advance Auto Parts  ( NYSE:AAP ) , Credit Suisse Group  ( NYSE:CS ) , Volkswagen  ( OTC:VWAGY ) , Toyota Motor  ( NYSE:TM ) , Uber Technologies  ( NYSE:UBER ) , Boeing  ( NYSE:BA ) ",177.325,179.35,176.76,177.25,99313268,2023-05-31,0.074174
"Steve Jobs, Sabotage And The Eerie Fate Of Apple's Buried Lisa Computers - Apple  ( NASDAQ:AAPL ) ",177.325,179.35,176.76,177.25,99313268,2023-05-31,0.072699
Apple's Betting App Dilemma In India: Government Calls For Immediate Action - Apple  ( NASDAQ:AAPL ) ,177.325,179.35,176.76,177.25,99313268,2023-05-31,0.0
Futures Fall Ahead Of House Debt-Ceiling Vote,177.325,179.35,176.76,177.25,99313268,2023-05-31,0.158913
"These ETFs Ride AI Rally, Including A Cathie Wood Fund",177.325,179.35,176.76,177.25,99313268,2023-05-31,0.274107
"Apple AR/VR Headset Will Eclipse Meta's Quest 2 In Brightness Levels, Leaks Suggest - Meta Platforms  ( NASDAQ:META ) , Apple  ( NASDAQ:AAPL ) ",177.325,179.35,176.76,177.25,99313268,2023-05-31,0.12482
"Apple Supplier Foxconn Rides the AI Wave, Doubles Down on Server Business Amid ChatGPT Frenzy - Hon Hai Precision  ( OTC:HNHPF ) ",177.325,179.35,176.76,177.25,99313268,2023-05-31,0.092442
China's commerce minister Wang Wentao meets Tesla CEO Musk | The Financial Express,177.325,179.35,176.76,177.25,99313268,2023-05-31,0.306817
Should Vanguard Mega Cap ETF  ( MGC )  Be on Your Investing Radar?,177.325,179.35,176.76,177.25,99313268,2023-05-31,0.173387
Should Invesco QQQ  ( QQQ )  Be on Your Investing Radar?,177.325,179.35,176.76,177.25,99313268,2023-05-31,0.262285
Is WisdomTree U.S. Total Dividend ETF  ( DTD )  a Strong ETF Right Now?,177.325,179.35,176.76,177.25,99313268,2023-05-31,0.263228
"From Elon Musk to Jamie Dimon, CEOs flock to China as risks to trade and investment rise | Business",177.325,179.35,176.76,177.25,99313268,2023-05-31,0.026365
This Warren Buffett Stock Has a Challenging Road Ahead. Here's Why It's Still a Buy.,177.325,179.35,176.76,177.25,99313268,2023-05-31,0.227618
"Apple, Alphabet, Meta, and Microsoft Have All Done Major Share Buybacks This Year -- Should You Join Them?",177.325,179.35,176.76,177.25,99313268,2023-05-31,0.260214
"PayPal At 5-1/2-Year Lows: What's Ailing The Stock? - PayPal Holdings  ( NASDAQ:PYPL ) , Alphabet  ( NASDAQ:GOOG ) , Alphabet  ( NASDAQ:GOOGL ) , Apple  ( NASDAQ:AAPL ) , eBay  ( NASDAQ:EBAY ) , Affirm Holdings  ( NASDAQ:AFRM ) ",177.325,179.35,176.76,177.25,99313268,2023-05-31,0.064777
"Nvidia, a trillion dollar market cap company joins ranks of Alphabet, Amazon, Apple and Microsoft | The Financial Express",177.325,179.35,176.76,177.25,99313268,2023-05-31,0.195412
"China's commerce minister meets Tesla's Musk, promises support to foreign companies",177.325,179.35,176.76,177.25,99313268,2023-05-31,0.285037
Nvidia's market valuation touches $1 trn mark after beating rivals to AI,177.325,179.35,176.76,177.25,99313268,2023-05-31,0.220669
Factbox: How megacap stocks fared after hitting $1 trillion in market cap,176.96,178.99,176.57,177.3,55964401,2023-05-30,0.136895
Stock Market Today: Stocks Give Back Big Debt Ceiling Deal Gains,176.96,178.99,176.57,177.3,55964401,2023-05-30,0.264858
These 3 Companies Generate Substantial Cash,176.96,178.99,176.57,177.3,55964401,2023-05-30,0.416565
"Technically speaking, a new bull market started last October. Buy on weakness.",176.96,178.99,176.57,177.3,55964401,2023-05-30,0.225268
Why Apple Could Have Trouble Reaching a $3 Trillion Market Cap,176.96,178.99,176.57,177.3,55964401,2023-05-30,0.188317
Nvidia Becomes Ninth Company To Hit $1 Trillion Market Cap - Who Could Be Next To Join Elusive Club? - NVIDIA  ( NASDAQ:NVDA ) ,176.96,178.99,176.57,177.3,55964401,2023-05-30,0.189774
"Streaming Powerhouses vs Traditional Networks: Who Will Win the NBA Broadcast Rights? - Netflix  ( NASDAQ:NFLX ) , Apple  ( NASDAQ:AAPL ) , Comcast  ( NASDAQ:CMCSA ) , Warner Bros. Discovery  ( NASDAQ:WBD ) , Amazon.com  ( NASDAQ:AMZN ) , Fox  ( NASDAQ:FOX ) , Walt Disney  ( NYSE:DIS ) ",176.96,178.99,176.57,177.3,55964401,2023-05-30,0.063953
"Tech Stocks Advance On Epic AI-Driven Rally; S&P 500, Dow Retreat Amid Debt Deal Vote, Rate Hike Fears - Invesco QQQ Trust, Series 1  ( NASDAQ:QQQ ) , SPDR S&P 500  ( ARCA:SPY ) ",176.96,178.99,176.57,177.3,55964401,2023-05-30,0.211249
Play Momentum ETFs as U.S. Strikes a Debt Deal,176.96,178.99,176.57,177.3,55964401,2023-05-30,0.170802
What's Going On With Intel Stock Tuesday - Intel  ( NASDAQ:INTC ) ,176.96,178.99,176.57,177.3,55964401,2023-05-30,0.039014
"US Tech Stock Picks: One To Sell, One To Hold, And One To Buy - Meta Platforms  ( NASDAQ:META ) ",176.96,178.99,176.57,177.3,55964401,2023-05-30,-0.009694
Five Basic Candlestick Patterns To Learn & Advance Your Day Trading Career Right Now - Advanced Micro Devices  ( NASDAQ:AMD ) ,176.96,178.99,176.57,177.3,55964401,2023-05-30,0.047285
Nvidia Stock Hits $1 Trillion Market Cap On AI Supercomputer News,176.96,178.99,176.57,177.3,55964401,2023-05-30,0.141732
Nvidia and other tech plays are overpriced. Here's where you'll find the next big-money stocks.,176.96,178.99,176.57,177.3,55964401,2023-05-30,0.092422
"Krugman Calls Out DeSantis, Apple-Meta Feud Looms, Bullish Bitcoin Call And More: 5 Key Stories You May Have Missed From The Weekend - Alphabet  ( NASDAQ:GOOG ) , Alphabet  ( NASDAQ:GOOGL ) , Meta Platforms  ( NASDAQ:META ) , Apple  ( NASDAQ:AAPL ) , BYD  ( OTC:BYDDF ) , BYD  ( OTC:BYDDY ) ",176.96,178.99,176.57,177.3,55964401,2023-05-30,0.040803
Dell Technologies  ( DELL )  to Post Q1 Earnings: What's in Store?,176.96,178.99,176.57,177.3,55964401,2023-05-30,-0.076777
"Fueled by AI, Nvidia joins the $1 trillion club | Business",176.96,178.99,176.57,177.3,55964401,2023-05-30,0.317335
Nvidia joins the $1 trillion club | Business,176.96,178.99,176.57,177.3,55964401,2023-05-30,0.350563
Broadcom stock powers toward new record as analyst sees 'accelerating' Google AI orders,176.96,178.99,176.57,177.3,55964401,2023-05-30,0.187295
This Is What Whales Are Betting On Apple - Apple  ( NASDAQ:AAPL ) ,176.96,178.99,176.57,177.3,55964401,2023-05-30,0.113848
"Nvidia Joins Trillion-Dollar Club: AI Surpasses Ukraine, Bitcoin, Inflation As Most-Searched Term On Google - NVIDIA  ( NASDAQ:NVDA ) ",176.96,178.99,176.57,177.3,55964401,2023-05-30,0.262624
"Stock Market News for May 30, 2023",176.96,178.99,176.57,177.3,55964401,2023-05-30,0.162745
Nasdaq 100 gaining momentum with the buzz around artificial intelligence stocks | The Financial Express,176.96,178.99,176.57,177.3,55964401,2023-05-30,0.119482
How To Take The Perfect Moon Shot Using An iPhone 14 - Apple  ( NASDAQ:AAPL ) ,176.96,178.99,176.57,177.3,55964401,2023-05-30,0.287351
"Debt-Ceiling Deal, Consumer Spending and the Fed",176.96,178.99,176.57,177.3,55964401,2023-05-30,-0.112403
Tech Futures Lead After Debt-Ceiling Deal,176.96,178.99,176.57,177.3,55964401,2023-05-30,0.195654
Tech Futures Lead After Debt-Ceiling Deal,176.96,178.99,176.57,177.3,55964401,2023-05-30,0.206709
NYSE FANG+ VS Nasdaq 100 index - Top US companies list and performance | The Financial Express,176.96,178.99,176.57,177.3,55964401,2023-05-30,0.168352
Nvidia set to become first US chipmaker valued at over $1 trillion,176.96,178.99,176.57,177.3,55964401,2023-05-30,0.302189
10x Potential: This Warren Buffett Growth Stock Could Crush the Market,176.96,178.99,176.57,177.3,55964401,2023-05-30,0.251836
2 Warren Buffett AI Stocks to Buy Right Now,176.96,178.99,176.57,177.3,55964401,2023-05-30,0.22974
"The Zacks Analyst Blog Highlights Apple, Chevron, Accenture, Broadcom and Stryker",176.96,178.99,176.57,177.3,55964401,2023-05-30,0.0
"If Apple Does This 1 Thing, These 2 Cryptos Could Soar",176.96,178.99,176.57,177.3,55964401,2023-05-30,0.126413
Should You Invest in the iShares Expanded Tech Sector ETF  ( IGM ) ?,176.96,178.99,176.57,177.3,55964401,2023-05-30,0.154366
Prediction: These 6 AI Stocks Will Be Worth a Combined $20 Trillion by 2030,176.96,178.99,176.57,177.3,55964401,2023-05-30,0.10562
"For the First Time in 23 Years, the S&P 500 Is Displaying an Ominous Warning to Wall Street",176.96,178.99,176.57,177.3,55964401,2023-05-30,0.026571
"S&P 500 Records Gains; Market Volatility Falls - Apple  ( NASDAQ:AAPL ) , Amazon.com  ( NASDAQ:AMZN ) ",176.96,178.99,176.57,177.3,55964401,2023-05-30,0.112981
"Nvidia, Alphabet, Apple, Meta and Microsoft are part of Zacks Earnings Preview",176.96,178.99,176.57,177.3,55964401,2023-05-30,0.135055
Why Cathie Wood Thinks There's A Cooler Kid Than FAANG In 'Innovation' Town,176.96,178.99,176.57,177.3,55964401,2023-05-30,0.18431
Saudi Aramco may consider selling more shares; low liquidity raises concerns over oil giant's $2 trln valuation | The Financial Express,176.96,178.99,176.57,177.3,55964401,2023-05-30,0.154122
"Voice Assistant Application Market size to grow by USD 10,334.37 million from 2022 to 2027; Alphabet Inc. and Amazon.com Inc. emerge as Key Contributors to growth - Technavio",176.96,178.99,176.57,177.3,55964401,2023-05-30,0.14036
Top Tech Stocks To Buy Now? 2 To Watch,176.96,178.99,176.57,177.3,55964401,2023-05-30,0.322402
"Deadline Week Action Plan: Salesforce, Broadcom Earnings, May Payrolls",173.32,175.77,173.11,175.43,54834975,2023-05-26,0.074353
Q1 Earnings: Can Artificial Intelligence  ( AI )  Sustain Momentum?,173.32,175.77,173.11,175.43,54834975,2023-05-26,0.132281
"Broadcom stock streaks to records, logs best day since COVID started as analysts see Apple strength",173.32,175.77,173.11,175.43,54834975,2023-05-26,0.342347
Did Nvidia just help create an AI-fueled stock bubble?,173.32,175.77,173.11,175.43,54834975,2023-05-26,0.062352
"Top Analyst Reports for Apple, Chevron & Accenture",173.32,175.77,173.11,175.43,54834975,2023-05-26,0.295949
"Did Cathie Wood's Innovation ARKK ETF Whiff On AI? How It Compares To FAANG, Nvidia In 2023 - ARK Innovation ETF  ( ARCA:ARKK ) ",173.32,175.77,173.11,175.43,54834975,2023-05-26,0.326226
"The Trading Trends of House Representative Scott Franklin: A Detailed Analysis of 33 Stock Market Transactions - Apple  ( NASDAQ:AAPL ) , Costco Wholesale  ( NASDAQ:COST ) , Comcast  ( NASDAQ:CMCSA ) ",173.32,175.77,173.11,175.43,54834975,2023-05-26,0.235933
"Investing in artificial intelligence: The good, the bad and the ugly of AI",173.32,175.77,173.11,175.43,54834975,2023-05-26,0.18802
"Nvidia short sellers get scorched further, racking up $2.2 billion in paper losses Thursday",173.32,175.77,173.11,175.43,54834975,2023-05-26,-0.002429
Apple's AR/VR Headsets Are Coming. Why You're Not Likely to Buy One.,173.32,175.77,173.11,175.43,54834975,2023-05-26,0.138092
"Stock market's AI frenzy reinforces this crucial rule for traders, RenMac says",173.32,175.77,173.11,175.43,54834975,2023-05-26,0.142883
"Price Hike: Inflation Kept Growing in April, Raising Rate Concerns as Debt Ceiling Debate Continues",173.32,175.77,173.11,175.43,54834975,2023-05-26,-0.055769
Dow Jones Jumps 275 Points Despite Growing Rate-Hike Odds. Marvell Technology Vaults 25% On Bullish AI Forecast.,173.32,175.77,173.11,175.43,54834975,2023-05-26,0.222801
Apple Climbs Higher In Channel Pattern: Is The Stock Headed For Blue Skies? - Apple  ( NASDAQ:AAPL ) ,173.32,175.77,173.11,175.43,54834975,2023-05-26,-0.007269
"After Bullish Report In March, Salesforce Stock Ramps Higher Ahead Of Results; 3 Security Software Stocks To Watch",173.32,175.77,173.11,175.43,54834975,2023-05-26,0.183974
Want Passive Income Forever? Buy These 2 Magnificent Stocks Now,173.32,175.77,173.11,175.43,54834975,2023-05-26,0.185698
"Alphabet CEO Sundar Pichai Commits to ""AI Pact"": What Does This Really Mean?",173.32,175.77,173.11,175.43,54834975,2023-05-26,0.096621
Futures Rise Ahead Of Key Inflation Data,173.32,175.77,173.11,175.43,54834975,2023-05-26,0.180518
OnePlus Co-Founder Takes Aim at iPhone's Throne: Unveils Nothing Phone  ( 2 )  Launch Timeline and Battery Details - Apple  ( NASDAQ:AAPL ) ,173.32,175.77,173.11,175.43,54834975,2023-05-26,0.257059
"If you haven't owned these 5 stocks, your portfolio probably is trailing the market",173.32,175.77,173.11,175.43,54834975,2023-05-26,0.130109
Is iShares Core Dividend Growth ETF  ( DGRO )  a Strong ETF Right Now?,173.32,175.77,173.11,175.43,54834975,2023-05-26,0.307071
Should Vanguard Growth ETF  ( VUG )  Be on Your Investing Radar?,173.32,175.77,173.11,175.43,54834975,2023-05-26,0.29775
3 Best Metaverse Stocks to Buy in 2023 and Beyond,173.32,175.77,173.11,175.43,54834975,2023-05-26,0.288499
Shein is about to return to India in a big way | Business,173.32,175.77,173.11,175.43,54834975,2023-05-26,0.040738
Is It Too Late to Buy Apple Stock?,173.32,175.77,173.11,175.43,54834975,2023-05-26,0.152495
"Amid the Deal with Apple, Is It Too Late to Buy Broadcom Stock?",173.32,175.77,173.11,175.43,54834975,2023-05-26,0.175649
84% of Warren Buffett's Portfolio Is Invested in These 7 Stocks,173.32,175.77,173.11,175.43,54834975,2023-05-26,0.309561
Apple's Patent Reportedly Reveals Roller Screens For iOS Devices - Apple  ( NASDAQ:AAPL ) ,173.32,175.77,173.11,175.43,54834975,2023-05-26,0.134941
Dow drags behind Nasdaq by widest margin yet as blue-chip gauge misses out on Nvidia rally,172.41,173.895,171.69,172.99,56058258,2023-05-25,0.050538
"Value Stocks Hit 15-Month Low Against Growth As AI Fuels Tech's Vengeance Over 2022's Rate-Hike-Induced Market Fall - iShares Core S&P U.S. Growth ETF  ( NASDAQ:IUSG ) , iShares Core S&P U.S. Value ETF  ( NASDAQ:IUSV ) ",172.41,173.895,171.69,172.99,56058258,2023-05-25,0.130789
"Nvidia's market capitalization gain on Thursday is bigger than all of Disney, Netflix, Boeing or Nike",172.41,173.895,171.69,172.99,56058258,2023-05-25,0.09998
Nvidia close to being first trillion-dollar chip firm on AI use,172.41,173.895,171.69,172.99,56058258,2023-05-25,0.210728
"Dow Jones Dips, Other Indexes Rise Amid Debt Ceiling Hopes; Nvidia Rockets On AI Buzz, Eyes Exclusive Club",172.41,173.895,171.69,172.99,56058258,2023-05-25,0.147447
Why Wearable Devices Stock Is Rising - Wearable Devices  ( NASDAQ:WLDS ) ,172.41,173.895,171.69,172.99,56058258,2023-05-25,0.175449
Fox  ( FOXA )  Nation to Air Second Season of Duck Family Treasure,172.41,173.895,171.69,172.99,56058258,2023-05-25,0.329164
What to Do About Nvidia This Morning,172.41,173.895,171.69,172.99,56058258,2023-05-25,-0.009687
"Smartphone Trade-Ups Lift ATRenew As Spending Resumes In China - Apple  ( NASDAQ:AAPL ) , RealReal  ( NASDAQ:REAL ) ",172.41,173.895,171.69,172.99,56058258,2023-05-25,0.151487
Nvidia Is At The Door Of The $1 Trillion Club - NVIDIA  ( NASDAQ:NVDA ) ,172.41,173.895,171.69,172.99,56058258,2023-05-25,0.134073
Why Dish  ( DISH )  Stock Is Soaring Thursday - DISH Network  ( NASDAQ:DISH ) ,172.41,173.895,171.69,172.99,56058258,2023-05-25,-0.021674
"Nvidia's Strong Earnings, Outlook Help Lift Stocks as Debt Ceiling Negotiations Continue - NVIDIA  ( NASDAQ:NVDA ) ",172.41,173.895,171.69,172.99,56058258,2023-05-25,-0.00977
"Top Stories Thursday, May 25: Bill Ackman Thinks Rival Icahn's Firm Still Overvalued, Nvidia Nears $1 Trillion Market Cap, Freshpet's Largest Shareholder Pushes For Board Overhaul - NVIDIA  ( NASDAQ:NVDA ) ",172.41,173.895,171.69,172.99,56058258,2023-05-25,0.161315
"1 Green Flag for Broadcom in 2023, and 1 Red Flag",172.41,173.895,171.69,172.99,56058258,2023-05-25,0.021385
Is Microsoft Stock a Buy?,172.41,173.895,171.69,172.99,56058258,2023-05-25,0.164098
"Futures Mixed Of Jobless Claims, GDP; Nvidia Soars On AI Chip Demand",172.41,173.895,171.69,172.99,56058258,2023-05-25,0.069812
Warren Buffett Just Bought More Apple Shares. Should You?,172.41,173.895,171.69,172.99,56058258,2023-05-25,0.272517
These 3 Dividend Stocks Can Add Some Sizzle to Your Passive Income This Summer,172.41,173.895,171.69,172.99,56058258,2023-05-25,0.278136
"AI news is driving tech 'building blocks' stocks like Nvidia. But another 'power' area will also benefit, say these veteran investors",172.41,173.895,171.69,172.99,56058258,2023-05-25,0.11882
3 Top AI Stocks That Pay Dividends -- and 1 Yields Over 5%,172.41,173.895,171.69,172.99,56058258,2023-05-25,0.266147
Can PayPal Compete With Apple Pay?,172.41,173.895,171.69,172.99,56058258,2023-05-25,0.036402
"Meta's AI Breakthrough: Defying User Tracking Policies, Billions Await!",171.09,172.4183,170.52,171.84,45143488,2023-05-24,0.206071
Nvidia barrels toward rare $1 trillion valuation after putting a dollar figure on AI boost,171.09,172.4183,170.52,171.84,45143488,2023-05-24,0.21772
SNAP: Is Snap Inc.  ( SNAP )  a Buy?,171.09,172.4183,170.52,171.84,45143488,2023-05-24,0.03173
"Nearly 200,000 tech employees fired globally in 2023; more layoffs expected",171.09,172.4183,170.52,171.84,45143488,2023-05-24,-0.019146
Netflix  ( NFLX )  Rolls Out Paid Sharing in the United States,171.09,172.4183,170.52,171.84,45143488,2023-05-24,0.30479
Amazon  ( AMZN )  Strengthens Tablet Offerings With Fire Max 11,171.09,172.4183,170.52,171.84,45143488,2023-05-24,0.30398
Apple Close to Reclaiming $3T Market Cap: Top ETFs to Bet,171.09,172.4183,170.52,171.84,45143488,2023-05-24,0.266785
"Company News for May 24, 2023",171.09,172.4183,170.52,171.84,45143488,2023-05-24,0.343774
Invest Like Taylor Swift For 10% Dividends,171.09,172.4183,170.52,171.84,45143488,2023-05-24,0.275182
5 High-Flying Tech Stocks With Solid Growth Potential,171.09,172.4183,170.52,171.84,45143488,2023-05-24,0.254239
Futures Fall Ahead Of Fed Minutes,171.09,172.4183,170.52,171.84,45143488,2023-05-24,0.108347
2 Dividend Stocks Putting More Money in Investors' Pockets,171.09,172.4183,170.52,171.84,45143488,2023-05-24,0.324759
2 Leading Tech Stocks to Buy in 2023 and Beyond,171.09,172.4183,170.52,171.84,45143488,2023-05-24,0.322598
Meta Loses Another EU Lawsuit Shortly After Hefty Penalty For Data Privacy Breach - Meta Platforms  ( NASDAQ:META ) ,171.09,172.4183,170.52,171.84,45143488,2023-05-24,-0.140974
"Why US Stock Futures Are Signaling A Subdued Open Today - Invesco QQQ Trust, Series 1  ( NASDAQ:QQQ ) , SPDR S&P 500  ( ARCA:SPY ) ",171.09,172.4183,170.52,171.84,45143488,2023-05-24,-0.067229
Cramer Says No Business Controls Its Destiny Better Than Apple - Apple  ( NASDAQ:AAPL ) ,171.09,172.4183,170.52,171.84,45143488,2023-05-24,0.286988
Should iShares S&P 100 ETF  ( OEF )  Be on Your Investing Radar?,171.09,172.4183,170.52,171.84,45143488,2023-05-24,0.161166
Should Vanguard Russell 1000 Growth ETF  ( VONG )  Be on Your Investing Radar?,171.09,172.4183,170.52,171.84,45143488,2023-05-24,0.29557
"1 Super Stock That Could Join Apple, Microsoft, Amazon, and Alphabet in the $1 Trillion Club",171.09,172.4183,170.52,171.84,45143488,2023-05-24,0.161112
"S&P 500 Down Over 1% Ahead Of Fed Minutes; Market Volatility Increases - Apple  ( NASDAQ:AAPL ) , Lowe's Companies  ( NYSE:LOW ) ",171.09,172.4183,170.52,171.84,45143488,2023-05-24,-0.097663
"Apple May Be Warren Buffett's Best Business, but It's Not His Favorite Stock to Buy -- This Is",171.09,172.4183,170.52,171.84,45143488,2023-05-24,0.359993
Here's How Much Warren Buffett's 4 Big Stock Buys Just Boosted Berkshire Hathaway's Dividend Income,171.09,172.4183,170.52,171.84,45143488,2023-05-24,0.254173
Dividends from big listed companies hit record $326.7 billion in first quarter.,171.09,172.4183,170.52,171.84,45143488,2023-05-24,0.304599
"Investor Sentiment Declines On Concerns Over Debt Ceiling Talks - Apple  ( NASDAQ:AAPL ) , Analog Devices  ( NASDAQ:ADI ) ",171.09,172.4183,170.52,171.84,45143488,2023-05-24,-0.40148
"This Chicken Wing Stock Has A Better 5-Year Return Than Apple, Microsoft, Disney, Ford, PayPal, Coca-Cola And Alibaba Group - Wingstop  ( NASDAQ:WING ) ",171.09,172.4183,170.52,171.84,45143488,2023-05-24,0.091229
Apple Just Announced a Multibillion-Dollar Deal With Broadcom -- Here's What Investors Should Know,173.13,173.3794,171.275,171.56,50747263,2023-05-23,0.106894
Stock Market Today: Debt Ceiling Anxiety Weighs on Stocks,173.13,173.3794,171.275,171.56,50747263,2023-05-23,0.0
"Apple And Microsoft Add $1 Trillion In Value In 2023, Raising Concerns Over S&P 500 Dominance",173.13,173.3794,171.275,171.56,50747263,2023-05-23,0.119993
3 Chip Stocks Suited Nicely for Income Investors,173.13,173.3794,171.275,171.56,50747263,2023-05-23,0.355888
Why Are Shares Of Broadcom Up Today? - Broadcom  ( NASDAQ:AVGO ) ,173.13,173.3794,171.275,171.56,50747263,2023-05-23,0.270428
EU Wants a Bite Out of Apple: Appeals for Hefty $14.3 Billion in Back Taxes - Apple  ( NASDAQ:AAPL ) ,173.13,173.3794,171.275,171.56,50747263,2023-05-23,0.016883
Bulls vs. Bears - Who Will Emerge Victorious?,173.13,173.3794,171.275,171.56,50747263,2023-05-23,-0.019396
"Mobile Wallet Market Size, Share And Growth Analysis For 2023-2032 As Per The Business Research Company's Mobile Wallet Global Market Report 2023",173.13,173.3794,171.275,171.56,50747263,2023-05-23,0.323691
Apple Unusual Options Activity For May 23 - Apple  ( NASDAQ:AAPL ) ,173.13,173.3794,171.275,171.56,50747263,2023-05-23,0.125016
Apple Inks Multibillion-Dollar Wireless-Chip Supply Deal With Broadcom,173.13,173.3794,171.275,171.56,50747263,2023-05-23,0.189208
Leveraged Tech ETFs Enjoying Huge Rally,173.13,173.3794,171.275,171.56,50747263,2023-05-23,0.313362
Top Stocks To Buy Now? 3 Tech Stocks To Know,173.13,173.3794,171.275,171.56,50747263,2023-05-23,0.197597
"Stocks Narrow Losses As Retail Reports Dampen Mood; Apple, Broadcom Strike Chip Megadeal",173.13,173.3794,171.275,171.56,50747263,2023-05-23,-0.016996
Apple announces multibillion-dollar agreement for 5G components made in US | Business,173.13,173.3794,171.275,171.56,50747263,2023-05-23,0.206051
"A Boost for 'Made in America': Apple and Broadcom Tag-Team for Homegrown 5G - Apple  ( NASDAQ:AAPL ) , Broadcom  ( NASDAQ:AVGO ) ",173.13,173.3794,171.275,171.56,50747263,2023-05-23,0.092685
Apple inks multi-billion-dollar deal with Broadcom for US-made chips,173.13,173.3794,171.275,171.56,50747263,2023-05-23,0.153989
"Top Stories Tuesday, May 23: Activist Investor Recommends Yelp Explore Sale, Micron Projects China Ban To Curb Revenues, Spruce Point Capital Raises Concerns About Perion Network's Financial Practices - Apple  ( NASDAQ:AAPL ) , Amazon.com  ( NASDAQ:AMZN ) ",173.13,173.3794,171.275,171.56,50747263,2023-05-23,-0.180733
"Dodging the Penalty: AOM's Star-Studded Line-Up Breathe Easy as EU Antitrust Inquiry Closes - Netflix  ( NASDAQ:NFLX ) , Samsung Electronics Co  ( OTC:SSNLF ) , Alphabet  ( NASDAQ:GOOG ) , Alphabet  ( NASDAQ:GOOGL ) , Meta Platforms  ( NASDAQ:META ) , NVIDIA  ( NASDAQ:NVDA ) , Apple  ( NASDAQ:AAPL ) , Cisco Systems  ( NASDAQ:CSCO ) , Intel  ( NASDAQ:INTC ) , Amazon.com  ( NASDAQ:AMZN ) ",173.13,173.3794,171.275,171.56,50747263,2023-05-23,-0.04221
Apple inks multi-billion-dollar deal with Broadcom for U.S.-made chips,173.13,173.3794,171.275,171.56,50747263,2023-05-23,0.156267
Jim Cramer's top 10 things to watch in the stock market Tuesday,173.13,173.3794,171.275,171.56,50747263,2023-05-23,0.21578
Nasdaq ETFs Beating Dow Since 1991: Will the Rally Last?,173.13,173.3794,171.275,171.56,50747263,2023-05-23,0.104977
Futures Fall After Biden-McCarthy Meeting,173.13,173.3794,171.275,171.56,50747263,2023-05-23,0.10542
B Of A Upped Its Forecast For Stocks - Just Not The Ones You Think,173.13,173.3794,171.275,171.56,50747263,2023-05-23,0.20379
Is Invesco FTSE RAFI US 1000 ETF  ( PRF )  a Strong ETF Right Now?,173.13,173.3794,171.275,171.56,50747263,2023-05-23,0.286754
Should Vanguard Mega Cap Growth ETF  ( MGK )  Be on Your Investing Radar?,173.13,173.3794,171.275,171.56,50747263,2023-05-23,0.27812
Apple's AI-Powered Initiatives Poised for Big Gains,173.13,173.3794,171.275,171.56,50747263,2023-05-23,0.19574
3 Once-in-a-Generation Buying Opportunities for Patient Investors,173.13,173.3794,171.275,171.56,50747263,2023-05-23,0.261036
"From Apple To Tesla To Meta: Why US Tech Giants Are Eager To Join Forces With This Indian Telecom Titan - Meta Platforms  ( NASDAQ:META ) , NVIDIA  ( NASDAQ:NVDA ) , Apple  ( NASDAQ:AAPL ) , Tesla  ( NASDAQ:TSLA ) ",173.13,173.3794,171.275,171.56,50747263,2023-05-23,0.207564
Apple's iPhone 16 Pro Max: Design Leak Reveals Impossibly Gigantic Display - Apple  ( NASDAQ:AAPL ) ,173.13,173.3794,171.275,171.56,50747263,2023-05-23,0.283221
Mobility CG's Apple Authorized Reseller Status Extended to include iPhone Mobile Digital Devices,173.13,173.3794,171.275,171.56,50747263,2023-05-23,0.422621
"Apple, Meta, Exxon Stakes Hiked By Putnam Investments In Q1 While AI-Focused Chipmaker Holdings Trimmed - Microsoft  ( NASDAQ:MSFT ) , Meta Platforms  ( NASDAQ:META ) , NVIDIA  ( NASDAQ:NVDA ) , Apple  ( NASDAQ:AAPL ) , Exxon Mobil  ( NYSE:XOM ) , Walmart  ( NYSE:WMT ) ",173.13,173.3794,171.275,171.56,50747263,2023-05-23,0.247025
Buyers Swarmed These 3 Stocks Post-Earnings,173.98,174.71,173.45,174.2,43570932,2023-05-22,0.270884
Small-Cap Russell 2000 Leads Monday Trading; ZM Beats,173.98,174.71,173.45,174.2,43570932,2023-05-22,0.195954
"Apple readies launch of $3,000 headset: Will it succeed where others have failed?",173.98,174.71,173.45,174.2,43570932,2023-05-22,0.127802
"Dow Jones Falls, Other Stocks Up As McCarthy Urges Biden To Beat This Addiction; Apple Dips On Downgrade",173.98,174.71,173.45,174.2,43570932,2023-05-22,0.089004
iPhones or iFrowns? Analyst Predicts Dwindling Shipments Despite Potent iPhone ASPs - Apple  ( NASDAQ:AAPL ) ,173.98,174.71,173.45,174.2,43570932,2023-05-22,0.028648
What Is Going On With Amazon Stock Monday - Amazon.com  ( NASDAQ:AMZN ) ,173.98,174.71,173.45,174.2,43570932,2023-05-22,-0.212084
Battle Of The Sexes - New Data Reveals Women Outperform Men On Successful Trades,173.98,174.71,173.45,174.2,43570932,2023-05-22,0.118662
"Debt Ceiling, Retail Worries Preview A Potentially Volatile Week On Wall Street",173.98,174.71,173.45,174.2,43570932,2023-05-22,0.016993
Apple Stock Downgraded On Signs Of Slowing iPhone Demand,173.98,174.71,173.45,174.2,43570932,2023-05-22,-0.113277
Where is corporate India in the marriage equality debate?,173.98,174.71,173.45,174.2,43570932,2023-05-22,0.186463
"Market Clubhouse Morning Memo - May 22nd, 2023  ( Trade Strategy For SPY, NVDA, MSFT, AAPL, and TSLA )  - NVIDIA  ( NASDAQ:NVDA ) ",173.98,174.71,173.45,174.2,43570932,2023-05-22,0.175419
"Apple Stock Butterfly Spread Benefits From Neutral Price Action, Can Return $925",173.98,174.71,173.45,174.2,43570932,2023-05-22,0.129987
Jim Cramer's top 10 things to watch in the stock market Monday,173.98,174.71,173.45,174.2,43570932,2023-05-22,0.052262
Apple WWDC 2023: 5 Features To Expect From iOS 17 For The iPhone - Apple  ( NASDAQ:AAPL ) ,173.98,174.71,173.45,174.2,43570932,2023-05-22,0.196575
Apple Inc.  ( AAPL )  Is a Trending Stock: Facts to Know Before Betting on It,173.98,174.71,173.45,174.2,43570932,2023-05-22,0.22841
2 Stocks Up by 40% and 70% This Year That Are Still Worth Buying,173.98,174.71,173.45,174.2,43570932,2023-05-22,0.221351
"Inside Apple's High-Stakes MR Headset Launch: Gurman Highlights Key Players Involved - Meta Platforms  ( NASDAQ:META ) , Apple  ( NASDAQ:AAPL ) ",173.98,174.71,173.45,174.2,43570932,2023-05-22,0.077816
Futures Mixed Ahead Of Debt Ceiling Talks,173.98,174.71,173.45,174.2,43570932,2023-05-22,0.090913
mophie announces new car vent mount accessories available exclusively at Apple stores,173.98,174.71,173.45,174.2,43570932,2023-05-22,0.166307
Top Inverse/Leveraged ETFs of Last Week,173.98,174.71,173.45,174.2,43570932,2023-05-22,0.213836
"Will Apple's MR Headset Be A Hit Or Flop? Munster Says This Is What Most Investors Expect - Microsoft  ( NASDAQ:MSFT ) , Alphabet  ( NASDAQ:GOOG ) , Alphabet  ( NASDAQ:GOOGL ) , Meta Platforms  ( NASDAQ:META ) , Apple  ( NASDAQ:AAPL ) ",173.98,174.71,173.45,174.2,43570932,2023-05-22,0.087062
"Meta failed to protect personal information, fined $1.3 billion | The Financial Express",173.98,174.71,173.45,174.2,43570932,2023-05-22,-0.002426
Should WisdomTree U.S. LargeCap Dividend ETF  ( DLN )  Be on Your Investing Radar?,173.98,174.71,173.45,174.2,43570932,2023-05-22,0.180899
Should Invesco S&P 500 Revenue ETF  ( RWL )  Be on Your Investing Radar?,173.98,174.71,173.45,174.2,43570932,2023-05-22,0.203523
Better Buy: Lemonade or Upstart?,173.98,174.71,173.45,174.2,43570932,2023-05-22,0.378105
Meta fined record $1.3 billion by EU regulators over US data transfers | The Financial Express,173.98,174.71,173.45,174.2,43570932,2023-05-22,0.043463
Warren Buffett's Portfolio Is More Concentrated Than Ever: 3 Stocks Make Up 63% of Invested Assets,173.98,174.71,173.45,174.2,43570932,2023-05-22,0.250908
"Apple Stake Boosted By Power Corp Of Canada While JPMorgan, Alphabet Class A Stocks Get Dropped In Q1 - Stellantis  ( NYSE:STLA ) , Alphabet  ( NASDAQ:GOOG ) , Alphabet  ( NASDAQ:GOOGL ) , Apple  ( NASDAQ:AAPL ) , JPMorgan Chase  ( NYSE:JPM ) , Lion Electric  ( NYSE:LEV ) , Amazon.com  ( NASDAQ:AMZN ) ",173.98,174.71,173.45,174.2,43570932,2023-05-22,0.326552
Apple's Next Big Surprise? 'xrProOS' Trademark Filing Hints At Exciting New Innovation - Apple  ( NASDAQ:AAPL ) ,173.98,174.71,173.45,174.2,43570932,2023-05-22,0.164251
"Fitness Tracker Market size to grow by USD 44,314.14 million from 2022 to 2027, The growing markets in emerging countries to drive market growth - Technavio",176.39,176.39,174.94,175.16,55809475,2023-05-19,0.275004
What Are Penny Stocks & Should You Buy Them In 2023?,176.39,176.39,174.94,175.16,55809475,2023-05-19,0.163856
Global Micro-Location Technology Market Report 2023: Rising Use of Mobile Devices is Expected to Propel Growth,176.39,176.39,174.94,175.16,55809475,2023-05-19,0.177262
What Does Apple's Debt Look Like? - Apple  ( NASDAQ:AAPL ) ,176.39,176.39,174.94,175.16,55809475,2023-05-19,-0.116054
Why Alphabet Stock Keeps Going Up,176.39,176.39,174.94,175.16,55809475,2023-05-19,0.002401
Caron Products Names Sebastian Scott Director of Global Supply Management,176.39,176.39,174.94,175.16,55809475,2023-05-19,0.290199
Amazon  ( AMZN )  Expands Echo Family by Launching New Devices,176.39,176.39,174.94,175.16,55809475,2023-05-19,0.449223
Most stocks end up losing you money. What's an investor to do?,176.39,176.39,174.94,175.16,55809475,2023-05-19,0.243169
2 Tech Stocks You Can Buy and Hold for the Next Decade,176.39,176.39,174.94,175.16,55809475,2023-05-19,0.166112
How to invest in one of the hottest stock market sectors while cutting your risk,176.39,176.39,174.94,175.16,55809475,2023-05-19,0.095621
Check Out What Whales Are Doing With AAPL - Apple  ( NASDAQ:AAPL ) ,176.39,176.39,174.94,175.16,55809475,2023-05-19,0.122848
"Apple expects to sell even less mixed-reality headset units than before, launch likely at WWDC 2023 | The Financial Express",176.39,176.39,174.94,175.16,55809475,2023-05-19,0.05563
3 Large-Cap Dividend Mutual Funds to Buy as a Crisis Looms,176.39,176.39,174.94,175.16,55809475,2023-05-19,0.128937
Samsung not replacing Google with Bing in smartphones anytime soon: Report | The Financial Express,176.39,176.39,174.94,175.16,55809475,2023-05-19,0.219128
$100 Invested In Apple 5 Years Ago Would Be Worth This Much Today - Apple  ( NASDAQ:AAPL ) ,176.39,176.39,174.94,175.16,55809475,2023-05-19,0.160819
"Top Stories Friday, May 19: DeSantis Vs. Disney, Alibaba Spinoffs Cloud Business, Apple Bans Internal ChatGPT Use - Apple  ( NASDAQ:AAPL ) , Amazon.com  ( NASDAQ:AMZN ) ",176.39,176.39,174.94,175.16,55809475,2023-05-19,0.014487
"Google Celebrates As Samsung Retracts Plan To Switch Over To Microsoft Bing For Now - Microsoft  ( NASDAQ:MSFT ) , Samsung Electronics Co  ( OTC:SSNLF ) , Alphabet  ( NASDAQ:GOOG ) , Alphabet  ( NASDAQ:GOOGL ) ",176.39,176.39,174.94,175.16,55809475,2023-05-19,0.007096
"US Home Prices Fall By Most In 11 Years - Alibaba Group Holding  ( NYSE:BABA ) , Apple  ( NASDAQ:AAPL ) ",176.39,176.39,174.94,175.16,55809475,2023-05-19,-0.115323
"Global Mobile Phone Accessories Market to Generate USD 426.78 Billion by 2030, Outlines a New Report by Next Move Strategy Consulting",176.39,176.39,174.94,175.16,55809475,2023-05-19,0.359164
Futures Rise Ahead Of Powell Speech,176.39,176.39,174.94,175.16,55809475,2023-05-19,0.240717
Warren Buffett Is Making A Mint On 7 Stocks That Pay No Dividends,176.39,176.39,174.94,175.16,55809475,2023-05-19,0.1855
Wall Street On the Brink of Rally? Momentum ETFs to Tap,176.39,176.39,174.94,175.16,55809475,2023-05-19,0.301357
3 Stocks You Can Keep Forever,176.39,176.39,174.94,175.16,55809475,2023-05-19,0.225449
Samsung not planning to replace Google with Microsoft Bing in phones,176.39,176.39,174.94,175.16,55809475,2023-05-19,0.219128
"Apple, Samsung Harbor India Ambitions, Minister Says - Samsung Electronics Co  ( OTC:SSNLF ) , Apple  ( NASDAQ:AAPL ) ",176.39,176.39,174.94,175.16,55809475,2023-05-19,0.268236
"Stocks are rallying, but investors say they're miserable. That's a good thing.",176.39,176.39,174.94,175.16,55809475,2023-05-19,0.029085
Should Schwab U.S. Large-Cap Growth ETF  ( SCHG )  Be on Your Investing Radar?,176.39,176.39,174.94,175.16,55809475,2023-05-19,0.231076
"S&P 500 Rises For Second Straight Session; Market Volatility Falls - Apple  ( NASDAQ:AAPL ) , Amazon.com  ( NASDAQ:AMZN ) ",176.39,176.39,174.94,175.16,55809475,2023-05-19,0.100659
Prediction: These 5 Growth Stocks Will Be Worth Over $2 Trillion by 2033,176.39,176.39,174.94,175.16,55809475,2023-05-19,0.123971
3 Stocks Warren Buffett Is Most Likely to Buy If a Recession Comes,176.39,176.39,174.94,175.16,55809475,2023-05-19,0.17679
3 No-Brainer Warren Buffett Stocks to Buy Right Now,176.39,176.39,174.94,175.16,55809475,2023-05-19,0.238734
1 FAANG Stock Warren Buffett Is Buying Hand Over Fist and Another He's Selling,176.39,176.39,174.94,175.16,55809475,2023-05-19,0.176187
3 Stocks to Add to Your Portfolio in a Market Pull-Back,176.39,176.39,174.94,175.16,55809475,2023-05-19,0.212441
"The new 2023 Toyota bZ4X reviewed: Pricing, range and specs for this all-electric SUV",176.39,176.39,174.94,175.16,55809475,2023-05-19,0.155955
"Apple, Samsung looking to expand in India: Rajeev Chandrasekhar",176.39,176.39,174.94,175.16,55809475,2023-05-19,0.307897
"Tesla, Apple, Microsoft Stakes Slashed By New York State Retirement Fund In Q1: Here's What It Bought - Microsoft  ( NASDAQ:MSFT ) , Apple  ( NASDAQ:AAPL ) , Tesla  ( NASDAQ:TSLA ) , Johnson & Johnson  ( NYSE:JNJ ) , Charles Schwab  ( NYSE:SCHW ) , Texas Instruments  ( NASDAQ:TXN ) , Amazon.com  ( NASDAQ:AMZN ) , Taiwan Semiconductor  ( NYSE:TSM ) ",176.39,176.39,174.94,175.16,55809475,2023-05-19,0.266393
ChatGPT App Now Available On iOS - Android Coming Soon - Apple  ( NASDAQ:AAPL ) ,176.39,176.39,174.94,175.16,55809475,2023-05-19,0.143424
"Apple Bans Internal Use Of ChatGPT - Microsoft  ( NASDAQ:MSFT ) , Samsung Electronics Co  ( OTC:SSNLF ) , Apple  ( NASDAQ:AAPL ) ",176.39,176.39,174.94,175.16,55809475,2023-05-19,-0.059872
Berkshire Hathaway boosts stake in Occidental Petroleum to 24.4%,173.0,175.24,172.58,175.05,65496657,2023-05-18,0.270061
"Li Lu Loads Up On Banks, Trims Micron Technology Stake",173.0,175.24,172.58,175.05,65496657,2023-05-18,0.196047
"Buffett's Latest Buys: What Stocks Is He Adding To His Portfolio? - Apple  ( NASDAQ:AAPL ) , Ally Financial  ( NYSE:ALLY ) ",173.0,175.24,172.58,175.05,65496657,2023-05-18,0.132835
Here's where BlackRock sees a top thematic ETF investing opportunity as tech soars,173.0,175.24,172.58,175.05,65496657,2023-05-18,0.233185
Apple and Alphabet shares close at highest levels in over a year,173.0,175.24,172.58,175.05,65496657,2023-05-18,0.38899
2 Key Themes From the Q1 Earnings Season,173.0,175.24,172.58,175.05,65496657,2023-05-18,0.183488
"AtomBeam Can Compact Data By 75% And Has Attracted The Attention Of The Air Force, Intel And More",173.0,175.24,172.58,175.05,65496657,2023-05-18,0.237027
Apple Cuts Sales Outlook For Mixed-Reality Headsets Before Launch In June: Report - Apple  ( NASDAQ:AAPL ) ,173.0,175.24,172.58,175.05,65496657,2023-05-18,0.100716
Big Tech Advances While Dow Jones Lags; Chip Stocks And FAANG Ignore Debt-Ceiling Deadline,173.0,175.24,172.58,175.05,65496657,2023-05-18,0.041454
"Consumer Products-Electrical And Electronics Market Size, Share, Revenue, Trends And Drivers For 2023-2032 As Per The Business Research Company's Consumer Products-Electrical And Electronics Global Market Report 2023",173.0,175.24,172.58,175.05,65496657,2023-05-18,0.258715
Tech ETFs Roaring to New 52-Week Highs,173.0,175.24,172.58,175.05,65496657,2023-05-18,0.135231
"Global Mobile Phone Insurance Market to Generate USD 75.13 Billion by 2030, Outlines a New Report by Next Move Strategy Consulting",173.0,175.24,172.58,175.05,65496657,2023-05-18,0.299498
"Apple's Axie Launch Omits Philippines, Despite Popularity - Apple  ( NASDAQ:AAPL ) ",173.0,175.24,172.58,175.05,65496657,2023-05-18,0.15031
87 Billion Reasons to Buy Apple Stock Hand Over Fist Right Now,173.0,175.24,172.58,175.05,65496657,2023-05-18,0.2148
Futures Rise Ahead Of Jobless Claims,173.0,175.24,172.58,175.05,65496657,2023-05-18,0.226895
Fidelity And T. Rowe Price Score Big On These New 'Blue Chips',173.0,175.24,172.58,175.05,65496657,2023-05-18,0.345158
2 Dividend Stocks Warren Buffet Loves,173.0,175.24,172.58,175.05,65496657,2023-05-18,0.257764
3 Stocks That Could Help You Retire a Millionaire,173.0,175.24,172.58,175.05,65496657,2023-05-18,0.164043
10 Ways To Get Five More Years Out Of Your Cracked Nest Egg,173.0,175.24,172.58,175.05,65496657,2023-05-18,0.178553
This Hermes Airpods Case Costs The Same As An iPhone 14 Pro - Apple  ( NASDAQ:AAPL ) ,173.0,175.24,172.58,175.05,65496657,2023-05-18,0.42737
3 Top Tech Stocks That Could Help Make You Richer by Retirement,173.0,175.24,172.58,175.05,65496657,2023-05-18,0.426914
"Got $2,500? 2 Top Stocks That You Can Buy and Hold for a Lifetime",173.0,175.24,172.58,175.05,65496657,2023-05-18,0.336785
This Wall Street Billionaire Aggressively Sold 3 FAANG Stocks While Piling Into Another,173.0,175.24,172.58,175.05,65496657,2023-05-18,0.193294
"Enterprise Indoor Location-based Services Market size in the US to grow by USD 25,831.89 million from 2022 to 2027, AiRISTA Flow Inc. and Aislelabs Inc. emerge as key contributors to growth - Technavio",173.0,175.24,172.58,175.05,65496657,2023-05-18,0.159859
Tech Stocks Are Doing Something Not Seen in 97 Years,173.0,175.24,172.58,175.05,65496657,2023-05-18,0.055576
"The redesigned 2024 Chevy Trax: a roomy, affordable crossover SUV with zippy driving dynamics",173.0,175.24,172.58,175.05,65496657,2023-05-18,0.194615
"Music Streaming Market size to grow at a CAGR of 15.67% from 2022 to 2027, Increasing preference for music streaming services to drive market growth - Technavio",173.0,175.24,172.58,175.05,65496657,2023-05-18,0.198431
"Goldman Sachs Strategist Sees S&P 500 Profits Surging 30% On AI Boost Over Next Decade - Microsoft  ( NASDAQ:MSFT ) , Alphabet  ( NASDAQ:GOOG ) , Alphabet  ( NASDAQ:GOOGL ) , Meta Platforms  ( NASDAQ:META ) , Apple  ( NASDAQ:AAPL ) , Goldman Sachs Gr  ( NYSE:GS ) , Uber Technologies  ( NYSE:UBER ) ",173.0,175.24,172.58,175.05,65496657,2023-05-18,0.299553
Amazon to invest $12.7 billion in India cloud services by 2030 | The Financial Express,173.0,175.24,172.58,175.05,65496657,2023-05-18,0.103318
AWS: Amazon to invest $12.7 billion in India cloud infrastructure by 2030,173.0,175.24,172.58,175.05,65496657,2023-05-18,0.098287
Apple launches Apple Store online in Vietnam - Investing News Network,173.0,175.24,172.58,175.05,65496657,2023-05-18,0.417319
"Montana Becomes First State In The US To Ban TikTok - Alphabet  ( NASDAQ:GOOGL ) , Alphabet  ( NASDAQ:GOOG ) , Apple  ( NASDAQ:AAPL ) ",173.0,175.24,172.58,175.05,65496657,2023-05-18,-0.050299
"E-Commerce Market size to grow by USD 12,951.56 billion between 2022 and 2027; Alibaba Group Holding Ltd, and Amazon.com Inc. among others, identified as key vendors - Technavio",173.0,175.24,172.58,175.05,65496657,2023-05-18,0.172369
2 Green Flags for Apple Stock Investors in 2023  ( and Beyond ) ,171.71,172.925,170.4201,172.69,57951604,2023-05-17,0.0
What Are Commodities?,171.71,172.925,170.4201,172.69,57951604,2023-05-17,0.102318
"What Do Elon Musk, Bill Gates, Jeff Bezos And Retail Investors Have In Common? They're Investing Millions Into Brain-Tech Startups",171.71,172.925,170.4201,172.69,57951604,2023-05-17,0.099046
Stock Market Today: Debt Ceiling News Drives Major Stock Rally,171.71,172.925,170.4201,172.69,57951604,2023-05-17,0.127884
Price Over Earnings Overview: Apple - Apple  ( NASDAQ:AAPL ) ,171.71,172.925,170.4201,172.69,57951604,2023-05-17,0.209632
"OptionsSwing Founder's Top Stock Picks: Jason Lee Reveals Key Tech Companies To Watch In The Remote Work Era - Apple  ( NASDAQ:AAPL ) , Amazon.com  ( NASDAQ:AMZN ) ",171.71,172.925,170.4201,172.69,57951604,2023-05-17,0.297503
These Banking Stocks are Set to Flourish Despite the Banking Crisis,171.71,172.925,170.4201,172.69,57951604,2023-05-17,0.171725
Netflix's  ( NFLX )  New Danish Movie Expands International Content,171.71,172.925,170.4201,172.69,57951604,2023-05-17,0.30116
"Gaming Market size to grow by USD 102.13 billion from 2022 to 2027, The growing adoption of AR and VR games to drive market growth - Technavio",171.71,172.925,170.4201,172.69,57951604,2023-05-17,0.188092
Wednesday's Market Minute: This Bull Run is Looking Weary,171.71,172.925,170.4201,172.69,57951604,2023-05-17,0.007237
"Global Digital Rights Management In Media And Entertainment Market Forecast 2023-2032 - Market Size, Drivers, Trends, And Competitors As Per TBRC's Digital Rights Management In Media And Entertainment Global Market Report 2023",171.71,172.925,170.4201,172.69,57951604,2023-05-17,0.284923
"The Great Wall of Apple: Despite Production Shifts, China Remains iPhone Maker's Preferred Partner - Apple  ( NASDAQ:AAPL ) ",171.71,172.925,170.4201,172.69,57951604,2023-05-17,-0.109072
Looking At Apple's Recent Unusual Options Activity - Apple  ( NASDAQ:AAPL ) ,171.71,172.925,170.4201,172.69,57951604,2023-05-17,0.087652
Shifting Stance: Tesla Now Eyes Setting Up EV Plant In India - Tesla  ( NASDAQ:TSLA ) ,171.71,172.925,170.4201,172.69,57951604,2023-05-17,0.10686
Insights Into 13F Filings: ETFs to Bet Like Billionaires,171.71,172.925,170.4201,172.69,57951604,2023-05-17,0.264613
Stocks Rise On Debt Ceiling Optimism,171.71,172.925,170.4201,172.69,57951604,2023-05-17,0.162192
Tech Giants Embrace Stock Buybacks: Its Impact on ETFs,171.71,172.925,170.4201,172.69,57951604,2023-05-17,0.196584
Should You Invest in the iShares U.S. Technology ETF  ( IYW ) ?,171.71,172.925,170.4201,172.69,57951604,2023-05-17,0.177095
Here's How Warren Buffett Is Set to Rake in Nearly $6 Billion in Dividend Income This Year,171.71,172.925,170.4201,172.69,57951604,2023-05-17,0.187889
Apple Foils $2B Fraud Transactions But App Store Debate Persists - Apple  ( NASDAQ:AAPL ) ,171.71,172.925,170.4201,172.69,57951604,2023-05-17,-0.234147
Warren Buffett Just Offered 4 Billion Additional Reasons for Investors to Be Cautious,171.71,172.925,170.4201,172.69,57951604,2023-05-17,0.167147
2 Stocks to Invest in Virtual Reality,171.71,172.925,170.4201,172.69,57951604,2023-05-17,0.345124
"Tesla, Apple, Amazon Stakes Upped By Utah Retirement Systems During Q1 - Microsoft  ( NASDAQ:MSFT ) , NVIDIA  ( NASDAQ:NVDA ) , Apple  ( NASDAQ:AAPL ) , Tesla  ( NASDAQ:TSLA ) , Equity Residential  ( NYSE:EQR ) , Home Depot  ( NYSE:HD ) , Amazon.com  ( NASDAQ:AMZN ) ",171.71,172.925,170.4201,172.69,57951604,2023-05-17,0.179554
Nasdaq is leading the Dow by the widest margin since 1991 as blue-chip gauge erases 2023 gain. Is that a good sign?,171.99,173.1383,171.7991,172.07,42110293,2023-05-16,-0.059848
Stock Market Today: Markets Waver on Debt Default Jitters,171.99,173.1383,171.7991,172.07,42110293,2023-05-16,0.050537
The Secret Market Risk Hiding in the Major Indexes,171.99,173.1383,171.7991,172.07,42110293,2023-05-16,0.024
"Warren Buffett Buys Capital One And Diageo, Sells Out Of 4 Stocks",171.99,173.1383,171.7991,172.07,42110293,2023-05-16,0.143447
Dow Jones Falls As Home Depot Disappoints; Warren Buffett Buys This Financial Stock Despite Crisis,171.99,173.1383,171.7991,172.07,42110293,2023-05-16,-0.058456
"The AI Revolution. A Repeat Of History. - Apple  ( NASDAQ:AAPL ) , Adobe  ( NASDAQ:ADBE ) ",171.99,173.1383,171.7991,172.07,42110293,2023-05-16,0.097856
"Stocks Dip, Nasdaq Bull Run Continues With Big Tech Speculation: Investors Eye Biden-McCarthy Debt Ceiling Talk - Invesco QQQ Trust, Series 1  ( NASDAQ:QQQ ) , Horizon Therapeutics  ( NASDAQ:HZNP ) , Baidu  ( NASDAQ:BIDU ) , Capital One Finl  ( NYSE:COF ) , Home Depot  ( NYSE:HD ) , Amgen  ( NASDAQ:AMGN ) , SPDR S&P 500  ( ARCA:SPY ) , Tencent Music Enter Gr  ( NYSE:TME ) , Tupperware Brands  ( NYSE:TUP ) ",171.99,173.1383,171.7991,172.07,42110293,2023-05-16,0.070302
"Apple's New Assistive Technology: Empowering Users with Cognitive, Speech, and Vision Disabilities - Apple  ( NASDAQ:AAPL ) ",171.99,173.1383,171.7991,172.07,42110293,2023-05-16,0.200098
Warren Buffett Grew His Biggest Stock Holdings In Q1,171.99,173.1383,171.7991,172.07,42110293,2023-05-16,0.009694
"Apple Consolidates As The Stock Market Readies For A Big Move In One Direction: The Bull, Bear Case - Apple  ( NASDAQ:AAPL ) ",171.99,173.1383,171.7991,172.07,42110293,2023-05-16,0.021436
UnitedHealth Group is an AI Stock That Isn't Beating Expectations - UnitedHealth Group  ( NYSE:UNH ) ,171.99,173.1383,171.7991,172.07,42110293,2023-05-16,0.1013
Should You Buy Warren Buffett's Favorite Company?,171.99,173.1383,171.7991,172.07,42110293,2023-05-16,0.111697
GlobalData Social Media Analytics reveals top 10 companies lording over BNPL conversations past 12 months,171.99,173.1383,171.7991,172.07,42110293,2023-05-16,0.272801
Futures Lower Ahead Of Retail Sales,171.99,173.1383,171.7991,172.07,42110293,2023-05-16,0.147033
The Biggest Reason Why Warren Buffett Does Not Own Tesla Stock,171.99,173.1383,171.7991,172.07,42110293,2023-05-16,0.251855
Jim Cramer's top things to watch in the stock market Tuesday,171.99,173.1383,171.7991,172.07,42110293,2023-05-16,0.041286
"13F Season: Buffett, Burry, & Druckenmiller",171.99,173.1383,171.7991,172.07,42110293,2023-05-16,0.095213
Berkshire Hathaway's First Quarter 2023 Portfolio Moves,171.99,173.1383,171.7991,172.07,42110293,2023-05-16,0.15009
"Redington posts record Q4 revenue on strong demand for laptops, phones",171.99,173.1383,171.7991,172.07,42110293,2023-05-16,0.164747
"Apple introduces new features for cognitive accessibility, along with Live Speech, Personal Voice, and Point and Speak in Magnifier",171.99,173.1383,171.7991,172.07,42110293,2023-05-16,0.314604
"Redington posts record Q4 revenue on strong demand for laptops, phones | The Financial Express",171.99,173.1383,171.7991,172.07,42110293,2023-05-16,0.164795
"Is Tesla Following Apple's Look-Beyond-China Move? Musk's Deputies To Reportedly Visit India This Week - Apple  ( NASDAQ:AAPL ) , Tesla  ( NASDAQ:TSLA ) ",171.99,173.1383,171.7991,172.07,42110293,2023-05-16,0.042234
This Investor Slogan Is The Elephant In The Room,171.99,173.1383,171.7991,172.07,42110293,2023-05-16,0.296446
Just How Important Is AI for Apple's Future?,171.99,173.1383,171.7991,172.07,42110293,2023-05-16,0.22091
"Why Apple Won't Make iPads, MacBooks In India Anytime Soon - Apple  ( NASDAQ:AAPL ) ",171.99,173.1383,171.7991,172.07,42110293,2023-05-16,0.030808
"Apple Stock: Buy, Sell, or Hold?",171.99,173.1383,171.7991,172.07,42110293,2023-05-16,0.355013
3 Things About Apple That Smart Investors Know,171.99,173.1383,171.7991,172.07,42110293,2023-05-16,0.402996
This Stock Market Indicator Has Never Been Worse. Here's What Could Be Coming.,171.99,173.1383,171.7991,172.07,42110293,2023-05-16,0.05092
Is It Time to Sell Shiba Inu?,171.99,173.1383,171.7991,172.07,42110293,2023-05-16,0.247479
"Tesla executives to meet govt officials today, tomorrow on firming up supply chain",171.99,173.1383,171.7991,172.07,42110293,2023-05-16,0.170518
Tesla India visit: Execs to visit govt officials to firm up supply chain,171.99,173.1383,171.7991,172.07,42110293,2023-05-16,0.170518
"Apple India: Apple to not make iPads, Mac PCs but may manufacture AirPods in India",171.99,173.1383,171.7991,172.07,42110293,2023-05-16,0.004743
Warren Buffett's Berkshire Hathaway sells entire stake in TSMC | Business,171.99,173.1383,171.7991,172.07,42110293,2023-05-16,0.134397
"Video Game Market size to grow by USD 89.38 billion from 2022 to 2027, Rising penetration of smartphones and improving internet access to influence market growth - Technavio",171.99,173.1383,171.7991,172.07,42110293,2023-05-16,0.170131
"Cathie Wood Buys Robinhood Shares Worth Over $1.2M - Apple  ( NASDAQ:AAPL ) , ARK Fintech Innovation ETF  ( ARCA:ARKF ) , Tesla  ( NASDAQ:TSLA ) , Toast  ( NYSE:TOST ) , Robinhood Markets  ( NASDAQ:HOOD ) , Amazon.com  ( NASDAQ:AMZN ) ",171.99,173.1383,171.7991,172.07,42110293,2023-05-16,0.180397
How MrBeast Became The New Face Of Online Ad Spending - And Why You Can Play It With Shopify,171.99,173.1383,171.7991,172.07,42110293,2023-05-16,0.065871
Peacock to exclusively stream one NFL wild-card playoff game next season,173.16,173.21,171.47,172.07,37266659,2023-05-15,0.144478
"Warren Buffett Trims Activision Blizzard, Adds Capital One In Q1: What Investors Need To Know - Microsoft  ( NASDAQ:MSFT ) , Occidental Petroleum  ( NYSE:OXY ) , Apple  ( NASDAQ:AAPL ) , Bank of America  ( NYSE:BAC ) , Chevron  ( NYSE:CVX ) , Berkshire Hathaway Inc. Common Stock  ( NYSE:BRK/A ) , Activision Blizzard  ( NASDAQ:ATVI ) , Berkshire Hathaway Inc. New Common Stock  ( NYSE:BRK/B ) , Moody's  ( NYSE:MCO ) , American Express  ( NYSE:AXP ) , Capital One Finl  ( NYSE:COF ) , Amazon.com  ( NASDAQ:AMZN ) ",173.16,173.21,171.47,172.07,37266659,2023-05-15,0.274859
"Berkshire invests in Capital One, sheds four stocks",173.16,173.21,171.47,172.07,37266659,2023-05-15,0.15265
"Warren Buffett's Berkshire Hathaway switched stakes in two banks, and the stocks head in opposite directions",173.16,173.21,171.47,172.07,37266659,2023-05-15,0.058943
"Top CEOs Earned Less In 2022 Compared To 2021: Discover Their Earnings And The Highest-Paid Leaders - Apple  ( NASDAQ:AAPL ) , Amazon.com  ( NASDAQ:AMZN ) ",173.16,173.21,171.47,172.07,37266659,2023-05-15,0.064239
Futures: McCarthy Says Sides 'Far Apart' On Debt Ceiling Talks,173.16,173.21,171.47,172.07,37266659,2023-05-15,0.199909
"Uber Stock Riding High On Deals With Amazon, Google And Oracle",173.16,173.21,171.47,172.07,37266659,2023-05-15,0.090571
"What Is Tiger Global Up To? A Look At New Apple Stake And More Holdings - Microsoft  ( NASDAQ:MSFT ) , Alphabet  ( NASDAQ:GOOGL ) , Meta Platforms  ( NASDAQ:META ) , Apple  ( NASDAQ:AAPL ) , ServiceNow  ( NYSE:NOW ) , XP  ( NASDAQ:XP ) , JD.com  ( NASDAQ:JD ) , Amazon.com  ( NASDAQ:AMZN ) , Taiwan Semiconductor  ( NYSE:TSM ) , Take-Two Interactive  ( NASDAQ:TTWO ) ",173.16,173.21,171.47,172.07,37266659,2023-05-15,0.277141
A stock-market milestone: Apple is now worth more than the entire Russell 2000,173.16,173.21,171.47,172.07,37266659,2023-05-15,0.141201
Cracking the Code: 5 Segments to Determine Future Market Direction,173.16,173.21,171.47,172.07,37266659,2023-05-15,0.109249
"Uber Stock Riding High On Deals With Amazon, Google And Oracle",173.16,173.21,171.47,172.07,37266659,2023-05-15,0.090571
"US Value Stocks Trail Growth Stocks By An Alarming 8% In 2023: Why Is The Value Style Underperforming Again? - iShares Core S&P U.S. Growth ETF  ( NASDAQ:IUSG ) , iShares Core S&P U.S. Value ETF  ( NASDAQ:IUSV ) , SPDR S&P 500  ( ARCA:SPY ) ",173.16,173.21,171.47,172.07,37266659,2023-05-15,0.249664
Streaming nirvana is about to become more expensive - and offer less content,173.16,173.21,171.47,172.07,37266659,2023-05-15,0.050063
Best Stocks To Invest In Right Now? 2 Blue Chip Stocks To Know,173.16,173.21,171.47,172.07,37266659,2023-05-15,0.297056
Elon Musk and Other CEOs Have Openly Smoked Pot - Does The Corporate World Accept it?,173.16,173.21,171.47,172.07,37266659,2023-05-15,0.36762
Target earnings on deck as discretionary spending looms large for the retail giant,173.16,173.21,171.47,172.07,37266659,2023-05-15,0.095956
"Ronald G. Wayne Launches Kickstarter Campaign for New Book, ""Counterfeit Trust and the Nature of Money""",173.16,173.21,171.47,172.07,37266659,2023-05-15,0.336129
"Top Stories Monday, May 15: Google Launches Tools To Detect Fake Images, Apple May Encounter Delays In iPhone 15 Production, Shake Shack Sees Activist Investor Proxy Fight - Apple  ( NASDAQ:AAPL ) , Astellas Pharma  ( OTC:ALPMF ) ",173.16,173.21,171.47,172.07,37266659,2023-05-15,0.02175
"Alphabet's stock catches a rare downgrade, with analyst citing AI threat to Google",173.16,173.21,171.47,172.07,37266659,2023-05-15,0.146432
Sleepless Billionaire CEOs: Do You Get More Sleep Than Elon Musk And Jeff Bezos?,173.16,173.21,171.47,172.07,37266659,2023-05-15,0.240685
"Tesla's Path To Warren Buffett's Portfolio: What's An Attractive Price? - Apple  ( NASDAQ:AAPL ) , Tesla  ( NASDAQ:TSLA ) , BYD  ( OTC:BYDDF ) , BYD  ( OTC:BYDDY ) ",173.16,173.21,171.47,172.07,37266659,2023-05-15,-0.038631
Mondee Announces First Quarter 2023 Financial Results,173.16,173.21,171.47,172.07,37266659,2023-05-15,0.262368
"Futures Rise With Biden, McCarthy Meeting On Deck",173.16,173.21,171.47,172.07,37266659,2023-05-15,0.176876
"Apple Goes Aggressive On Mac Comeback, To Switch To 3-Nm Manufacturing - Apple  ( NASDAQ:AAPL ) ",173.16,173.21,171.47,172.07,37266659,2023-05-15,0.075222
Apple Supplier Foxconn Earmarks $500M To Set Up Manufacturing Plant In India - Apple  ( NASDAQ:AAPL ) ,173.16,173.21,171.47,172.07,37266659,2023-05-15,0.271932
"The 'end of the runway' is nearing for lofty tech and soggy banks. Get ready, says this strategist",173.16,173.21,171.47,172.07,37266659,2023-05-15,0.0
Should You Invest in the Vanguard Information Technology ETF  ( VGT ) ?,173.16,173.21,171.47,172.07,37266659,2023-05-15,0.136042
Should Invesco Dynamic Large Cap Growth ETF  ( PWB )  Be on Your Investing Radar?,173.16,173.21,171.47,172.07,37266659,2023-05-15,0.309069
Apple's India Story Turns Fresh Page: Tata Group Chosen To Make iPhone 15 Series - Apple  ( NASDAQ:AAPL ) ,173.16,173.21,171.47,172.07,37266659,2023-05-15,0.160819
Apple supplier Foxconn to invest $500 million in India's Telangana state | The Financial Express,173.16,173.21,171.47,172.07,37266659,2023-05-15,0.035587
"Ex-Meta Employee, Oculus Founder Praises Apple's Mixed-Reality Headset - Meta Platforms  ( NASDAQ:META ) , Apple  ( NASDAQ:AAPL ) ",173.16,173.21,171.47,172.07,37266659,2023-05-15,0.099461
"Action Plan: Walmart, Home Depot, On Holding On Tap",173.62,174.06,171.0,172.57,45533138,2023-05-12,0.127997
"Action Plan: Walmart, Home Depot, On Holding On Tap",173.62,174.06,171.0,172.57,45533138,2023-05-12,0.121061
Why Shares of Alphabet Popped This Week,173.62,174.06,171.0,172.57,45533138,2023-05-12,0.099757
Apple Races Against Time: High-Stakes Launch of $3000 Mixed-Reality Headset Amid Intense Competition - Apple  ( NASDAQ:AAPL ) ,173.62,174.06,171.0,172.57,45533138,2023-05-12,0.026334
"Meta's 'AI Sandbox' to create advertisements, predict performance",173.62,174.06,171.0,172.57,45533138,2023-05-12,0.159705
Musk makes it official: Yaccarino is new Twitter CEO,173.62,174.06,171.0,172.57,45533138,2023-05-12,0.168336
Apple in India has a big gap to bridge to match Samsung in Vietnam,173.62,174.06,171.0,172.57,45533138,2023-05-12,0.030249
How Apple Pleased Investors,173.62,174.06,171.0,172.57,45533138,2023-05-12,0.145614
US equity funds see massive outflows on debt ceiling worries,173.62,174.06,171.0,172.57,45533138,2023-05-12,-0.169249
The S&P 500 is top-heavy with tech. Here's what that says about future stock-market returns.,173.62,174.06,171.0,172.57,45533138,2023-05-12,0.021669
"AI-Run ETF Dumps Apple In Favor Of This Chip Stock And Hints At New Opportunity Brewing In Market - Meta Platforms  ( NASDAQ:META ) , NVIDIA  ( NASDAQ:NVDA ) , Apple  ( NASDAQ:AAPL ) , TJX Companies  ( NYSE:TJX ) , Monster Beverage  ( NASDAQ:MNST ) , Vertex Pharmaceuticals  ( NASDAQ:VRTX ) , QRAFT AI-Enhanced U.S. Large Cap Momentum ETF  ( ARCA:AMOM ) , Starbucks  ( NASDAQ:SBUX ) , Lowe's Companies  ( NYSE:LOW ) , O'Reilly Automotive  ( NASDAQ:ORLY ) , AutoZone  ( NYSE:AZO ) , Eli Lilly  ( NYSE:LLY ) , Home Depot  ( NYSE:HD ) , Regeneron Pharmaceuticals  ( NASDAQ:REGN ) , Walmart  ( NYSE:WMT ) ",173.62,174.06,171.0,172.57,45533138,2023-05-12,0.174621
5 Top-Ranked ETFs to Tap the Red-Hot Technology Sector,173.62,174.06,171.0,172.57,45533138,2023-05-12,0.16758
Better Buy: Amazon vs. Apple,173.62,174.06,171.0,172.57,45533138,2023-05-12,0.357951
Apple Quest For Growth From Emerging Markets: To Mark Its Online Store Debut In Vietnam - Apple  ( NASDAQ:AAPL ) ,173.62,174.06,171.0,172.57,45533138,2023-05-12,0.056892
Futures Rise Ahead Of Inflation Survey,173.62,174.06,171.0,172.57,45533138,2023-05-12,0.153111
When Will PC Sales Recover? And Which Stocks Are Most Counting On A Rebound?,173.62,174.06,171.0,172.57,45533138,2023-05-12,0.048371
"Non-Invasive Medical Diagnostics: Know Labs' Partnership With Edge Impulse Has Potential To Improve Healthcare Using Machine Learning - Alphabet  ( NASDAQ:GOOGL ) , Apple  ( NASDAQ:AAPL ) ",173.62,174.06,171.0,172.57,45533138,2023-05-12,0.326024
3 Things You Shouldn't Do if the Stock Market Crashes,173.62,174.06,171.0,172.57,45533138,2023-05-12,-0.014898
Should BNY Mellon US Large Cap Core Equity ETF  ( BKLC )  Be on Your Investing Radar?,173.62,174.06,171.0,172.57,45533138,2023-05-12,0.17111
Warren Buffett's Latest $4.4 Billion Buy Brings His Total Investment in This Stock to $70 Billion in Under 5 Years,173.62,174.06,171.0,172.57,45533138,2023-05-12,0.293906
Meta provides marketers AI tools to create ads | The Financial Express,173.62,174.06,171.0,172.57,45533138,2023-05-12,0.23147
"Apple Watch Users Wave Goodbye To Messenger As Meta Drops Support - Meta Platforms  ( NASDAQ:META ) , Apple  ( NASDAQ:AAPL ) , Uber Technologies  ( NYSE:UBER ) , Salesforce  ( NYSE:CRM ) ",173.62,174.06,171.0,172.57,45533138,2023-05-12,-0.070288
Bank News and a New Normal for Investors to Consider,173.62,174.06,171.0,172.57,45533138,2023-05-12,0.093276
"Unlocking AppLovin's Potential: Analysts See Growth Opportunities in CTV, Carriers, and OEMs as Mobile Ad Market Recovers - AppLovin  ( NASDAQ:APP ) ",173.85,174.59,172.17,173.75,49514676,2023-05-11,0.208236
"Tesla's AI Could Kill, Says Steve Wozniak - Apple Co-Founder Criticizes Elon Musk's Self-Driving Car Failures",173.85,174.59,172.17,173.75,49514676,2023-05-11,0.173315
Disney Stock Tumbles: Time to Buy?,173.85,174.59,172.17,173.75,49514676,2023-05-11,0.065197
AI Initiatives - And This Business - Have Google Stock On Cloud 9,173.85,174.59,172.17,173.75,49514676,2023-05-11,0.140073
3 FAANG Stocks For Your May 2023 Watchlist,173.85,174.59,172.17,173.75,49514676,2023-05-11,0.249607
2 Warren Buffett Stocks to Buy Hand Over Fist in May,173.85,174.59,172.17,173.75,49514676,2023-05-11,0.349563
"Stock Market News for May 11, 2023",173.85,174.59,172.17,173.75,49514676,2023-05-11,0.079454
More Review of Apple For Anticompetitive Practices: Italian Antitrust Regulator Launches Review On Apple Apps - Apple  ( NASDAQ:AAPL ) ,173.85,174.59,172.17,173.75,49514676,2023-05-11,-0.00243
"Insiders Selling Apple, Micron And This Big Tech Stock - Microsoft  ( NASDAQ:MSFT ) , Apple  ( NASDAQ:AAPL ) ",173.85,174.59,172.17,173.75,49514676,2023-05-11,0.194917
"Future Mixed Ahead Of Inflation Data, Jobless Claims",173.85,174.59,172.17,173.75,49514676,2023-05-11,0.143109
"Investors Keep Buying Tesla, But Dump Apple, Microsoft, Brokerage Data Shows",173.85,174.59,172.17,173.75,49514676,2023-05-11,0.126113
"Google's Swipe At Apple Over Texting Standards Draws Chuckles, Claps At I/O 2023 - Alphabet  ( NASDAQ:GOOG ) , Alphabet  ( NASDAQ:GOOGL ) , Apple  ( NASDAQ:AAPL ) ",173.85,174.59,172.17,173.75,49514676,2023-05-11,0.099404
Meta Platforms Is the Best-Performing FAANG Stock This Year. Can It Still Be Bought?,173.85,174.59,172.17,173.75,49514676,2023-05-11,0.060749
Should SPDR MSCI USA StrategicFactors ETF  ( QUS )  Be on Your Investing Radar?,173.85,174.59,172.17,173.75,49514676,2023-05-11,0.148552
Should Schwab U.S. Large-Cap ETF  ( SCHX )  Be on Your Investing Radar?,173.85,174.59,172.17,173.75,49514676,2023-05-11,0.147597
Warren Buffett Thinks This Is Berkshire Hathaway's Best Business,173.85,174.59,172.17,173.75,49514676,2023-05-11,0.167562
Prediction: Apple Will Become a $5 Trillion Company in 2030,173.85,174.59,172.17,173.75,49514676,2023-05-11,0.252934
"If I Could Buy Just 1 Warren Buffett Stock Right Now, This Would Be It",173.85,174.59,172.17,173.75,49514676,2023-05-11,0.285392
"Apple supplier Foxconn's Q1 profit slumps 56% y/y, lags forecasts | The Financial Express",173.85,174.59,172.17,173.75,49514676,2023-05-11,-0.069908
"iPhone Assembler Foxconn Posts 56% Plunge In Q1 Profit, Warns Of More Weakness - Apple  ( NASDAQ:AAPL ) , Hon Hai Precision  ( OTC:HNHPF ) ",173.85,174.59,172.17,173.75,49514676,2023-05-11,0.089376
"Futures Rise After Nasdaq Jumps, But Curb Your Enthusiasm",173.85,174.59,172.17,173.75,49514676,2023-05-11,0.088585
"Who will win Big Tech's race for the best AI assistant: Google, Apple, Meta or Amazon?",173.02,174.03,171.9,173.555,53724501,2023-05-10,0.353939
Nasdaq Hits 2023 High As Google Jumps. Curb Your Enthusiasm.,173.02,174.03,171.9,173.555,53724501,2023-05-10,0.083886
"Robinhood Q1 Earnings Highlights: Revenue And EPS Beat, 24-Hour Trading Launch Featuring Select Stocks Such As Tesla - Robinhood Markets  ( NASDAQ:HOOD ) ",173.02,174.03,171.9,173.555,53724501,2023-05-10,0.239167
Masimo's Skyrocketing Growth: Analyst Boosts Price Target Amid Exciting New Ventures - Masimo  ( NASDAQ:MASI ) ,173.02,174.03,171.9,173.555,53724501,2023-05-10,0.353531
"Global Mobile Phone Insurance Market Forecast 2023-2032 - Market Size, Drivers, Trends, And Competitors As Per The Business Research Company's Mobile Phone Insurance Global Market Report 2023",173.02,174.03,171.9,173.555,53724501,2023-05-10,0.190575
What's Going On With Microsoft  ( MSFT )  Shares Wednesday - Microsoft  ( NASDAQ:MSFT ) ,173.02,174.03,171.9,173.555,53724501,2023-05-10,0.144447
Is College A Waste Of Money? Majority Of Americans Seem To Think So,173.02,174.03,171.9,173.555,53724501,2023-05-10,0.016923
Apple Is Spending $90 Billion to Buy Back Its Stock: 3 Reasons Not to Follow Its Lead,173.02,174.03,171.9,173.555,53724501,2023-05-10,0.208229
"Warren Buffett Says, 'There's Nothing Better' Than This Strategy If You 'Do It At The Right Price.' Here Are 3 Companies Leading The Pack In This Area - Alphabet  ( NASDAQ:GOOGL ) , Apple  ( NASDAQ:AAPL ) ",173.02,174.03,171.9,173.555,53724501,2023-05-10,0.309151
Looking Into Apple's Recent Short Interest - Apple  ( NASDAQ:AAPL ) ,173.02,174.03,171.9,173.555,53724501,2023-05-10,0.267375
Tim Cook Sends Wishes To Hit-And-Run Survivor Who Credits Apple Watch For Saving His Life - Apple  ( NASDAQ:AAPL ) ,173.02,174.03,171.9,173.555,53724501,2023-05-10,0.13079
"Apple CarPlay Vs Android Auto: What's On Tesla, Ford, Rivian And GM's Dashboards - Alphabet  ( NASDAQ:GOOG ) , Alphabet  ( NASDAQ:GOOGL ) , Apple  ( NASDAQ:AAPL ) , Tesla  ( NASDAQ:TSLA ) , Ford Motor  ( NYSE:F ) , General Motors  ( NYSE:GM ) , Rivian Automotive  ( NASDAQ:RIVN ) ",173.02,174.03,171.9,173.555,53724501,2023-05-10,0.093003
Futures Fall Ahead Of CPI Inflation Data,173.02,174.03,171.9,173.555,53724501,2023-05-10,0.173105
8 'Pure' Growth Stocks Are Stealthily Making Investors Rich Fast,173.02,174.03,171.9,173.555,53724501,2023-05-10,0.426484
Big U.S. firms adopt cautious tone on China recovery,173.02,174.03,171.9,173.555,53724501,2023-05-10,0.022061
"Zacks Investment Ideas feature highlights: Apple, Amazon, Nvidia, Elf Beauty and Salesforce",173.02,174.03,171.9,173.555,53724501,2023-05-10,0.254247
Futures lower as focus shifts to inflation data,173.02,174.03,171.9,173.555,53724501,2023-05-10,-0.007317
Is Schwab Fundamental U.S. Broad Market Index ETF  ( FNDB )  a Strong ETF Right Now?,173.02,174.03,171.9,173.555,53724501,2023-05-10,0.258547
"S&P Settles Lower Ahead Of CPI; Market Volatility Increases - Apple  ( NASDAQ:AAPL ) , Novavax  ( NASDAQ:NVAX ) ",173.02,174.03,171.9,173.555,53724501,2023-05-10,-0.211156
Warren Buffett Just Sent a $25 Billion Silent Warning to Wall Street,173.02,174.03,171.9,173.555,53724501,2023-05-10,0.048179
"Online Streaming Services Market size to grow by USD 285.46 billion from 2022 to 2027, The growing popularity of online video streaming in the education sector to drive the market growth - Technavio",173.02,174.03,171.9,173.555,53724501,2023-05-10,0.167674
Income Investing: 3 Technology Stocks Worth Consideration,173.05,173.54,171.6,171.77,45326874,2023-05-09,0.375932
"S&P 500, Nasdaq Dabble in Bull-Market Territory: What Are 'The Big 5 Stocks' Pulling The US Stock Market Out of The Woods? - SPDR S&P 500  ( ARCA:SPY ) ",173.05,173.54,171.6,171.77,45326874,2023-05-09,0.197389
What's Going On With SPDR S&P 500 ETF Today - SPDR S&P 500  ( ARCA:SPY ) ,173.05,173.54,171.6,171.77,45326874,2023-05-09,-0.250643
"Apple and Android smartphone sales are weak, but another stock is paying the price",173.05,173.54,171.6,171.77,45326874,2023-05-09,0.058725
Finding the Next Double  ( 5 Factors to Consider ) ,173.05,173.54,171.6,171.77,45326874,2023-05-09,0.231914
"PayPal Earnings Review: A Strong Quarter, but Highly Competitive Industry",173.05,173.54,171.6,171.77,45326874,2023-05-09,0.178887
"Debt Ceiling Showdown: Wall Street Watches White House As Talks Begin, Awaits Tomorrow's CPI",173.05,173.54,171.6,171.77,45326874,2023-05-09,-0.101029
Apple Unusual Options Activity For May 09 - Apple  ( NASDAQ:AAPL ) ,173.05,173.54,171.6,171.77,45326874,2023-05-09,0.15283
Apple Just Upped Its Dividend: What You Should Know,173.05,173.54,171.6,171.77,45326874,2023-05-09,0.305726
"Skyworks Solutions Faces Multi-Quarter Headwinds: 5 Analysts Give Mixed Reviews - Apple  ( NASDAQ:AAPL ) , Skyworks Solutions  ( NASDAQ:SWKS ) ",173.05,173.54,171.6,171.77,45326874,2023-05-09,-0.128771
Why AI Is a Game-Changer for the Music Industry,173.05,173.54,171.6,171.77,45326874,2023-05-09,0.38568
Is the Recent Sell-Off by Congress a Sign of Trouble for Apple? - Apple  ( NASDAQ:AAPL ) ,173.05,173.54,171.6,171.77,45326874,2023-05-09,0.220503
5 Most-Loved ETFs of Last Week,173.05,173.54,171.6,171.77,45326874,2023-05-09,0.214815
GM hires former Apple executive Abbott to lead software unit,173.05,173.54,171.6,171.77,45326874,2023-05-09,0.192542
Apple brings Final Cut Pro and Logic Pro to iPad - Investing News Network,173.05,173.54,171.6,171.77,45326874,2023-05-09,0.313924
Apple Stock: Bear vs. Bull,173.05,173.54,171.6,171.77,45326874,2023-05-09,0.062033
Investors Heavily Search Apple Inc.  ( AAPL ) : Here is What You Need to Know,173.05,173.54,171.6,171.77,45326874,2023-05-09,0.239649
Futures Fall Ahead Of Biden Debt Ceiling Meeting,173.05,173.54,171.6,171.77,45326874,2023-05-09,0.093323
16 Stocks Run Circles Around Warren Buffett Over The Long Haul,173.05,173.54,171.6,171.77,45326874,2023-05-09,0.194887
This Popular Brand Has Better Profit Margins Than Apple or Nike. Is the Stock a Buy?,173.05,173.54,171.6,171.77,45326874,2023-05-09,0.134653
Apple Stock Is Just Too Expensive,173.05,173.54,171.6,171.77,45326874,2023-05-09,0.196077
3 Stocks That Soared After Earnings but Still Have Room to Run,173.05,173.54,171.6,171.77,45326874,2023-05-09,0.371471
"Steve Wozniak Sounds AI Alarm Again - Echoes Musk And Hinton's Fears - Microsoft  ( NASDAQ:MSFT ) , Alphabet  ( NASDAQ:GOOG ) , Alphabet  ( NASDAQ:GOOGL ) ",173.05,173.54,171.6,171.77,45326874,2023-05-09,0.02686
Should Vanguard Russell 1000 ETF  ( VONE )  Be on Your Investing Radar?,173.05,173.54,171.6,171.77,45326874,2023-05-09,0.159589
Should You Invest in the Technology Select Sector SPDR ETF  ( XLK ) ?,173.05,173.54,171.6,171.77,45326874,2023-05-09,0.140716
Should iShares S&P 500 Growth ETF  ( IVW )  Be on Your Investing Radar?,173.05,173.54,171.6,171.77,45326874,2023-05-09,0.295384
Is iShares Core S&P U.S. Growth ETF  ( IUSG )  a Strong ETF Right Now?,173.05,173.54,171.6,171.77,45326874,2023-05-09,0.340583
Should Invesco NASDAQ 100 ETF  ( QQQM )  Be on Your Investing Radar?,173.05,173.54,171.6,171.77,45326874,2023-05-09,0.268885
"Apple Services Revenue Trumps Coca-Cola, Netflix, McD Toplines - Netflix  ( NASDAQ:NFLX ) , Apple  ( NASDAQ:AAPL ) , Coca-Cola  ( NYSE:KO ) , Intel  ( NASDAQ:INTC ) , Nike  ( NYSE:NKE ) , Boeing  ( NYSE:BA ) , McDonald's  ( NYSE:MCD ) ",173.05,173.54,171.6,171.77,45326874,2023-05-09,0.132923
TSMC's Europe plan gives it a new global dimension: Tim Culpan | The Financial Express,173.05,173.54,171.6,171.77,45326874,2023-05-09,0.173011
Here's why Warren Buffett and Jim Cramer think Apple stock is the best,172.48,173.85,172.11,173.5,55962793,2023-05-08,0.304935
"Illegal for 79 Years, This Loophole Lets Regular Americans Invest Alongside Silicon Valley Insiders",172.48,173.85,172.11,173.5,55962793,2023-05-08,0.174565
Invest Like Warren Buffett With These 3 Stocks,172.48,173.85,172.11,173.5,55962793,2023-05-08,0.282026
Futures: 4 Tech Titans Flash Bullish Signals,172.48,173.85,172.11,173.5,55962793,2023-05-08,0.136443
"If You Invested $10,000 In Exxon Mobil When Oil Prices Went Negative In March 2020, Here's How Much You'd Have Now - Exxon Mobil  ( NYSE:XOM ) ",172.48,173.85,172.11,173.5,55962793,2023-05-08,0.104214
"Cirrus Logic Loses Out On New iPhone Design, Analyst Warns Of Revenue Decline - Apple  ( NASDAQ:AAPL ) , Cirrus Logic  ( NASDAQ:CRUS ) ",172.48,173.85,172.11,173.5,55962793,2023-05-08,-0.031242
"Market climbs ""Wall of Worry"" despite risk of economic chaos",172.48,173.85,172.11,173.5,55962793,2023-05-08,0.253654
"Tech Takes Vengeance On Energy After Awful 2022, While Fed Rate Peaks And Oil Losses Shape Stock Performance - SPDR Select Sector Fund - Technology  ( ARCA:XLK ) ",172.48,173.85,172.11,173.5,55962793,2023-05-08,-0.014788
Apple CEO Tim Cook Finds Clarity Using This Strategy: It's A 'Palate Cleanser For The Mind' - Apple  ( NASDAQ:AAPL ) ,172.48,173.85,172.11,173.5,55962793,2023-05-08,0.277728
"Focus Turns To Washington Ahead Of Debt Ceiling Talks, Followed By Disney And Inflation Data - Apple  ( NASDAQ:AAPL ) , Walt Disney  ( NYSE:DIS ) ",172.48,173.85,172.11,173.5,55962793,2023-05-08,-0.101764
Stock Market Indexes Pause Ahead Of Inflation Numbers. Buffett's Berkshire Not Interested Full Ownership Of OXY.,172.48,173.85,172.11,173.5,55962793,2023-05-08,0.026783
"Yellen Warns Of Economic Chaos, Gates - The 'Nuclear Energy Evangelist,' Buffett Stands By To Support Banks And More: 5 Key Stories You May Have Missed From The Weekend - Microsoft  ( NASDAQ:MSFT ) , Alphabet  ( NASDAQ:GOOG ) , Alphabet  ( NASDAQ:GOOGL ) , Apple  ( NASDAQ:AAPL ) ",172.48,173.85,172.11,173.5,55962793,2023-05-08,-0.024343
5 Stocks That Powered Nasdaq ETF Last Week,172.48,173.85,172.11,173.5,55962793,2023-05-08,0.205777
Is Apple Stock a Buy Right Now?,172.48,173.85,172.11,173.5,55962793,2023-05-08,0.381479
"Stock Market News for May 8, 2023",172.48,173.85,172.11,173.5,55962793,2023-05-08,0.150388
Jim Cramer's top 6 things to watch in the stock market Monday,172.48,173.85,172.11,173.5,55962793,2023-05-08,0.088986
What's Going On With Apple Stock? - Apple  ( NASDAQ:AAPL ) ,172.48,173.85,172.11,173.5,55962793,2023-05-08,0.110572
"Dow, S&P 500 eye higher open as regional banks rise; key inflation data awaited | The Financial Express",172.48,173.85,172.11,173.5,55962793,2023-05-08,0.039261
"Alphabet, Morgan Stanley And 2 Other Stocks Insiders Are Selling - Alphabet  ( NASDAQ:GOOG ) , Apple  ( NASDAQ:AAPL ) ",172.48,173.85,172.11,173.5,55962793,2023-05-08,0.081473
Futures Higher; This Energy Giant Drops On Buffett Comments,172.48,173.85,172.11,173.5,55962793,2023-05-08,0.187847
"Vuzix Corporation  ( NASDAQ: VUZI )  Looks Well Positioned To Capitalize On The Rise Of Augmented Reality - Meta Platforms  ( NASDAQ:META ) , Apple  ( NASDAQ:AAPL ) ",172.48,173.85,172.11,173.5,55962793,2023-05-08,0.296847
"US Stocks Set For Mixed Start This Week On Inflation, Debt Ceiling Worries - Invesco QQQ Trust, Series 1  ( NASDAQ:QQQ ) , SPDR S&P 500  ( ARCA:SPY ) ",172.48,173.85,172.11,173.5,55962793,2023-05-08,0.081361
Watch: iPhone 'Perfectly Fine' After Plummeting 14K Feet From Skydiver's Pocket - Apple  ( NASDAQ:AAPL ) ,172.48,173.85,172.11,173.5,55962793,2023-05-08,0.070197
Should Schwab Fundamental U.S. Large Company Index ETF  ( FNDX )  Be on Your Investing Radar?,172.48,173.85,172.11,173.5,55962793,2023-05-08,0.1856
"Market Volatility Drops Sharply After Apple Results, Non-Farm Payroll Data - NVIDIA  ( NASDAQ:NVDA ) , Apple  ( NASDAQ:AAPL ) ",172.48,173.85,172.11,173.5,55962793,2023-05-08,0.160789
"If You Invested $1000 In Apple When iMac Was Unveiled 25 Years Ago, Here's How Much You'd Have Now - Apple  ( NASDAQ:AAPL ) ",172.48,173.85,172.11,173.5,55962793,2023-05-08,0.08255
"Futures muted, key inflation data on tap",172.48,173.85,172.11,173.5,55962793,2023-05-08,-0.060546
1 Green Flag and 1 Red Flag For Apple Stock,172.48,173.85,172.11,173.5,55962793,2023-05-08,0.256796
"Taiwan April exports slip for 8th month, but beat forecasts",172.48,173.85,172.11,173.5,55962793,2023-05-08,-0.141161
Warren Buffett Collects Nearly $2 Billion in Annual Dividend Income From 2 Stocks  ( and Neither Is Apple or Bank of America ) ,172.48,173.85,172.11,173.5,55962793,2023-05-08,0.228015
1 FAANG Stock to Buy Hand Over Fist in May and 1 to Avoid Like the Plague,172.48,173.85,172.11,173.5,55962793,2023-05-08,0.103756
"Could Warren Buffett Finally Make A Bet On Tesla After Praising Elon Musk? Top Analyst Reacts - Apple  ( NASDAQ:AAPL ) , Tesla  ( NASDAQ:TSLA ) , BYD  ( OTC:BYDDF ) , BYD  ( OTC:BYDDY ) ",172.48,173.85,172.11,173.5,55962793,2023-05-08,0.060702
"Fear & Greed Index Moves To 'Greed Zone After Dow Surges Over 500 Points - Apple  ( NASDAQ:AAPL ) , DISH Network  ( NASDAQ:DISH ) ",172.48,173.85,172.11,173.5,55962793,2023-05-08,-0.238879
3 Tech Titans Set to Break Out,172.48,173.85,172.11,173.5,55962793,2023-05-08,0.050883
"Bitcoin May Hit $50K In 2023, Says Analyst, Even As Crypto Prices Fall - Apple  ( NASDAQ:AAPL ) ",172.48,173.85,172.11,173.5,55962793,2023-05-08,0.058588
SPY: Profit From the Best AND Worst Stocks!,170.975,174.3,170.76,173.57,113453171,2023-05-05,0.149046
"Market Roars Back, But We've Been Here Before",170.975,174.3,170.76,173.57,113453171,2023-05-05,0.002432
"Stock Market Today: Apple Earnings, Bank Stocks Spark Relief Rally",170.975,174.3,170.76,173.57,113453171,2023-05-05,0.261958
"If You Invested $1,000 In Apple Stock When Donald Trump Sold, Here's The 'YUGE' Return You Would Have Today - Apple  ( NASDAQ:AAPL ) ",170.975,174.3,170.76,173.57,113453171,2023-05-05,0.164075
"Stock Market Action Plan: Inflation, Banks, Disney And Buffett's Take On Oxy Pete",170.975,174.3,170.76,173.57,113453171,2023-05-05,0.073995
Check Out What Whales Are Doing With AAPL - Apple  ( NASDAQ:AAPL ) ,170.975,174.3,170.76,173.57,113453171,2023-05-05,0.150594
Dividend Watch: 3 Companies Boosting Payouts,170.975,174.3,170.76,173.57,113453171,2023-05-05,0.311045
"Pre-Weekend Revival: Resilient Jobs Report, Apple Earnings and Improvement in Bank Stocks Lift Market - Apple  ( NASDAQ:AAPL ) ",170.975,174.3,170.76,173.57,113453171,2023-05-05,-0.019375
Apple Stock Remains a Strong Buy Even as Shares Soar,170.975,174.3,170.76,173.57,113453171,2023-05-05,0.324782
Dow Jones Rises As Regional Banks Rebound. COIN Rises With Warren Buffett's Berkshire Earnings Due.,170.975,174.3,170.76,173.57,113453171,2023-05-05,0.043512
Buy the dip because we're never going down again,170.975,174.3,170.76,173.57,113453171,2023-05-05,0.052947
"Apple  ( AAPL )  Q2 Earnings Beat Estimates, Revenues Decline Y/Y",170.975,174.3,170.76,173.57,113453171,2023-05-05,0.007136
This Fund Manager Searched The Globe For The Best ETFs,170.975,174.3,170.76,173.57,113453171,2023-05-05,0.239399
Investors Are Increasingly Overweight Tech Stocks,170.975,174.3,170.76,173.57,113453171,2023-05-05,-0.16745
Market Rally Finishes Strong As Banks Slash Losses: Weekly Review,170.975,174.3,170.76,173.57,113453171,2023-05-05,-0.044223
"Stocks Climb After Strong April Jobs Data And Apple Earnings: Energy And Regional Banks Rebound - Invesco QQQ Trust, Series 1  ( NASDAQ:QQQ ) , SPDR S&P 500  ( ARCA:SPY ) ",170.975,174.3,170.76,173.57,113453171,2023-05-05,0.139875
Investors Take A Bite Out Of Apple After Earnings Print: What Do 6 Analysts Think About The Stock? - Apple  ( NASDAQ:AAPL ) ,170.975,174.3,170.76,173.57,113453171,2023-05-05,0.150224
Wall Street climbs as investors cheer upbeat Apple earnings; Dow up 1.3%,170.975,174.3,170.76,173.57,113453171,2023-05-05,0.153353
"April Jobs Report Comes In Hot: 5 Economists Discuss Fed's Next Step, Interest Rate Risks - SPDR S&P 500  ( ARCA:SPY ) ",170.975,174.3,170.76,173.57,113453171,2023-05-05,-0.096496
"Berkshire director: Buffett CEO heir an ideal fit, but changeover not imminent",170.975,174.3,170.76,173.57,113453171,2023-05-05,0.210465
What's Going On With ProShares UltraPro Short QQQ ETF Today - ProShares UltraPro Short QQQ  ( NASDAQ:SQQQ ) ,170.975,174.3,170.76,173.57,113453171,2023-05-05,0.167664
Why Apple Stock Rallied Friday Morning,170.975,174.3,170.76,173.57,113453171,2023-05-05,0.242625
Warren Buffett To Share Wisdom With Berkshire Hathaway Shareholders As Bank Failures Rattle Market - Berkshire Hathaway Inc. New Common Stock  ( NYSE:BRK/B ) ,170.975,174.3,170.76,173.57,113453171,2023-05-05,-0.040219
"Apple, AIG, Cigna And Other Big Stocks Moving Higher On Friday - Apple  ( NASDAQ:AAPL ) , ACM Research  ( NASDAQ:ACMR ) ",170.975,174.3,170.76,173.57,113453171,2023-05-05,0.405697
"Apple stakes future growth on emerging markets, starting with India",170.975,174.3,170.76,173.57,113453171,2023-05-05,0.292653
"Dow Jones Rockets Higher After Strong Jobs Report. Bullish Earnings Movers Include Apple, DraftKings, Coinbase.",170.975,174.3,170.76,173.57,113453171,2023-05-05,0.101602
'Another masterpiece performance': Apple earnings ease investor concerns of iPhone slowdown as $90 billion buyback helps boost stock,170.975,174.3,170.76,173.57,113453171,2023-05-05,0.344866
Take a Bite of Apple With These ETFs Post Solid Q2 Earnings,170.975,174.3,170.76,173.57,113453171,2023-05-05,0.135164
Morning Update: The Jobs Report Is Out - Time to Trade Options,170.975,174.3,170.76,173.57,113453171,2023-05-05,0.016849
"Top Stories Friday, May 5: Broadcom CEO Proposes To Pitch EU Regulators Over VMware Deal, Apple & Meta Brace For Virtual Reality Competition, AMC Entertainment & Warner Bros Earnings - Apple  ( NASDAQ:AAPL ) ",170.975,174.3,170.76,173.57,113453171,2023-05-05,-0.0048
Apple Restores Its iPhone Superpower In Challenging Times - Apple  ( NASDAQ:AAPL ) ,170.975,174.3,170.76,173.57,113453171,2023-05-05,0.068845
Apple Earnings: iPhone Sales Hit Record Highs,170.975,174.3,170.76,173.57,113453171,2023-05-05,0.284989
Jim Cramer's top 10 things to watch in the stock market Friday,170.975,174.3,170.76,173.57,113453171,2023-05-05,0.279401
"Strong Hiring, Drop In Unemployment Tests The Fed",170.975,174.3,170.76,173.57,113453171,2023-05-05,0.095713
"Booking Holdings To Rally Around 18%? Here Are 10 Other Analyst Forecasts For Friday - Apple  ( NASDAQ:AAPL ) , argenx  ( NASDAQ:ARGX ) ",170.975,174.3,170.76,173.57,113453171,2023-05-05,0.079692
"Are thousand-dollar iPhones now a necessity? From reactions to Apple earnings, you sure might think so.",170.975,174.3,170.76,173.57,113453171,2023-05-05,0.114332
Apple Gets Price Target Bumps By Analysts Following Upbeat Q2 Results - Apple  ( NASDAQ:AAPL ) ,170.975,174.3,170.76,173.57,113453171,2023-05-05,0.147182
Investors Shake Off Headwinds in April And Stay the Course,170.975,174.3,170.76,173.57,113453171,2023-05-05,0.194672
This Top Fund Manager Buys Growth Stocks Without Paying Too Much,170.975,174.3,170.76,173.57,113453171,2023-05-05,0.296267
"Why US Stock Futures Indicate A Higher Open Today - Invesco QQQ Trust, Series 1  ( NASDAQ:QQQ ) , SPDR S&P 500  ( ARCA:SPY ) ",170.975,174.3,170.76,173.57,113453171,2023-05-05,-0.095164
"Market Volatility Increases Sharply Ahead Of Jobs Report, S&P Settles Lower - Apple  ( NASDAQ:AAPL ) , Adobe  ( NASDAQ:ADBE ) ",170.975,174.3,170.76,173.57,113453171,2023-05-05,-0.072013
Is It Too Late to Buy Apple Stock?,170.975,174.3,170.76,173.57,113453171,2023-05-05,0.419488
"India's Richest Man Takes On Meta, Apple with $16 VR Headset - Meta Platforms  ( NASDAQ:META ) , Apple  ( NASDAQ:AAPL ) ",170.975,174.3,170.76,173.57,113453171,2023-05-05,0.181649
Apple hands Warren Buffett's Berkshire Hathaway a $214 million payout ahead of shareholder weekend,170.975,174.3,170.76,173.57,113453171,2023-05-05,0.263847
89% of Warren Buffett's $347 Billion Portfolio Is Invested in Only 11 Stocks,170.975,174.3,170.76,173.57,113453171,2023-05-05,0.241319
This Company Grew Revenue for Shareholders More Than Apple or Microsoft Over the Last Decade,170.975,174.3,170.76,173.57,113453171,2023-05-05,0.244647
"Buffett's Tech Stock Mistake, and 1 Sneaky Winner That Made Berkshire Billions",170.975,174.3,170.76,173.57,113453171,2023-05-05,-0.086127
"Apple, Coinbase And 3 Stocks To Watch Heading Into Friday - Apple  ( NASDAQ:AAPL ) , Coinbase Glb  ( NASDAQ:COIN ) ",170.975,174.3,170.76,173.57,113453171,2023-05-05,0.350301
"European shares rise on smaller ECB rate hike, upbeat earnings",170.975,174.3,170.76,173.57,113453171,2023-05-05,0.157644
"Apple's Revenue Model: Breakup of iPhone, iPad, services and Mac sales | The Financial Express",170.975,174.3,170.76,173.57,113453171,2023-05-05,0.064081
"Apple stakes future growth on emerging markets, starting with India",170.975,174.3,170.76,173.57,113453171,2023-05-05,0.27744
"Apple's AI Playbook: Why Tim Cook Is Not Following The Google And Microsoft Model - Microsoft  ( NASDAQ:MSFT ) , Alphabet  ( NASDAQ:GOOG ) , Alphabet  ( NASDAQ:GOOGL ) , Meta Platforms  ( NASDAQ:META ) , Apple  ( NASDAQ:AAPL ) , Amazon.com  ( NASDAQ:AMZN ) ",170.975,174.3,170.76,173.57,113453171,2023-05-05,0.078757
"Top headlines: Double digit growth for Apple India, new PMLA rules & more",170.975,174.3,170.76,173.57,113453171,2023-05-05,0.224752
Apple Analyst Lauds 'Lebron-Like' March Quarter - Apple  ( NASDAQ:AAPL ) ,170.975,174.3,170.76,173.57,113453171,2023-05-05,0.066305
2 Tech Stocks To Watch Now Amid Earnings,170.975,174.3,170.76,173.57,113453171,2023-05-05,0.304203
Tim Cook sees India at 'tipping point' for Apple as China pivot quickens,170.975,174.3,170.76,173.57,113453171,2023-05-05,0.138783
"AAPL, CVNA, COIN, DKNG, SQ: Top 5 Trending Stocks - DraftKings  ( NASDAQ:DKNG ) , PacWest Banc  ( NASDAQ:PACW ) , Apple  ( NASDAQ:AAPL ) , Western Alliance  ( NYSE:WAL ) , Carvana  ( NYSE:CVNA ) , Coinbase Glb  ( NASDAQ:COIN ) , Block  ( NYSE:SQ ) ",170.975,174.3,170.76,173.57,113453171,2023-05-05,0.126205
Apple Q2 Earnings Call: Here Are The Takeaways - Apple  ( NASDAQ:AAPL ) ,170.975,174.3,170.76,173.57,113453171,2023-05-05,0.178997
Wall Street ends down as PacWest fuels fears of deeper bank crisis,170.975,174.3,170.76,173.57,113453171,2023-05-05,-0.234946
"Apple's 'forecast' suggests worst stretch for sales growth since 2016, but stock is still headed higher",170.975,174.3,170.76,173.57,113453171,2023-05-05,0.137319
Apple Connects Through Economic Jitters,164.89,167.04,164.31,165.79,81235427,2023-05-04,0.286114
Apple posts second consecutive quarterly revenue decline | Business,164.89,167.04,164.31,165.79,81235427,2023-05-04,0.085187
"Markets Down 4 Straight Sessions: Earnings from AAPL, EXPE, SQ & More",164.89,167.04,164.31,165.79,81235427,2023-05-04,0.139293
Futures: Apple Rises On Earnings; Two Cathie Wood Stocks Jump,164.89,167.04,164.31,165.79,81235427,2023-05-04,-0.09169
Apple  ( AAPL )  Q2 Earnings and Revenues Beat Estimates,164.89,167.04,164.31,165.79,81235427,2023-05-04,0.166431
"Block's Revenue Grew 26%, Driven by Cash App",164.89,167.04,164.31,165.79,81235427,2023-05-04,0.120839
Berkshire Earnings: What To Watch With ESG Issues In Focus,164.89,167.04,164.31,165.79,81235427,2023-05-04,0.021724
Apple reports second quarter results - Investing News Network,164.89,167.04,164.31,165.79,81235427,2023-05-04,0.181172
"Apple Q2 Earnings Thump Estimates, Buoyed By Robust iPhone Sales, Record Services Revenue - Apple  ( NASDAQ:AAPL ) ",164.89,167.04,164.31,165.79,81235427,2023-05-04,0.162221
"Apple Tops March-Quarter Forecasts On Strong Sales In iPhones, Services",164.89,167.04,164.31,165.79,81235427,2023-05-04,0.154532
Apple earnings show surprise jump in iPhone sales and a 4% dividend hike,164.89,167.04,164.31,165.79,81235427,2023-05-04,0.057684
Stock Market Today: Stocks Slide as Regional Bank Rout Worsens,164.89,167.04,164.31,165.79,81235427,2023-05-04,-0.13223
"Microsoft, Alphabet, and ChapGPT-Creator OpenAI Summoned to the White House for AI Summit",164.89,167.04,164.31,165.79,81235427,2023-05-04,0.187258
Stock Market Off Heading Back To Day's Lows. Medical Diagnostics Stock Jumps 15% After Earnings.,164.89,167.04,164.31,165.79,81235427,2023-05-04,0.0
Trading Strategies For Apple Stock Before And After Q2 Earnings - Apple  ( NASDAQ:AAPL ) ,164.89,167.04,164.31,165.79,81235427,2023-05-04,0.023916
"Buy Qorvo Stock on Apple iPhone Chip Gains, Says Analyst",164.89,167.04,164.31,165.79,81235427,2023-05-04,0.323392
Be Ready - Apple Could Tank the Market or Save It,164.89,167.04,164.31,165.79,81235427,2023-05-04,-0.162118
"Microsoft Stock Holds Up Remarkably Well. For Many, It's A Safe Haven.",164.89,167.04,164.31,165.79,81235427,2023-05-04,0.221176
"Khosla warns against slowing US AI research, cites China threat",164.89,167.04,164.31,165.79,81235427,2023-05-04,0.10988
Buffett set for 59th shareholder marathon as big questions loom,164.89,167.04,164.31,165.79,81235427,2023-05-04,0.009589
"Spotlight Back On Regional Banks As Shares Plunge Following Fed's Latest Rate Hike - PacWest Banc  ( NASDAQ:PACW ) , Western Alliance  ( NYSE:WAL ) ",164.89,167.04,164.31,165.79,81235427,2023-05-04,-0.060265
Your Post-Fed Survival Guide - Everything You Need to Know,164.89,167.04,164.31,165.79,81235427,2023-05-04,0.06214
Earnings Preview: What To Expect From Apple Today,164.89,167.04,164.31,165.79,81235427,2023-05-04,0.2022
Dow Jones Tumbles As Regional Banks Crumble Ahead Of Apple Report; These Cruise Ship Operators Forecast Big Profits,164.89,167.04,164.31,165.79,81235427,2023-05-04,-0.10527
"Club meeting recap: Equities slide, J&J consumer IPO, Costco sales",164.89,167.04,164.31,165.79,81235427,2023-05-04,0.07472
"Qualcomm Shares Slide After FQ2 Print, 4 Analysts Express Concern Around Outlook - Apple  ( NASDAQ:AAPL ) , Qualcomm  ( NASDAQ:QCOM ) ",164.89,167.04,164.31,165.79,81235427,2023-05-04,-0.093218
Apple Stock and Big Tech Are Winners. Why Cathie Wood's ARK Is Still a Loser.,164.89,167.04,164.31,165.79,81235427,2023-05-04,-0.076976
A Look Into Apple's Debt - Apple  ( NASDAQ:AAPL ) ,164.89,167.04,164.31,165.79,81235427,2023-05-04,-0.113432
Qualcomm stock falls as backed up Apple iPhone inventory contributes to weak outlook,164.89,167.04,164.31,165.79,81235427,2023-05-04,-0.043384
Apple earnings: What to expect from the iPhone maker,164.89,167.04,164.31,165.79,81235427,2023-05-04,0.054787
Stocks Lower After Jobless Claims; PACW Plunges,164.89,167.04,164.31,165.79,81235427,2023-05-04,0.031231
Apple's Q2 Earnings Release Looms: Options Market Shows Bullish Trend Outweighing Bearish - Apple  ( NASDAQ:AAPL ) ,164.89,167.04,164.31,165.79,81235427,2023-05-04,0.096631
